"Product ","Member Level ","Quantity ","Price ","Price Post Tax "
"
Mac1 JNT 0.6g 2pk","Non-Member","1 ","$5.00","$5.00"
"
Tincture Mango 150mg","Non-Member","1 ","$15.00","$15.00"
"!Basic Lighter $1","Non-Member","1 ","$1.00","$1.00"
"!Battery Adj Button $15","Non-Member","1 ","$15.00","$15.00"
"!Battery Adj button $15 B","Non-Member","1 ","$15.00","$15.00"
"!Battery Basic Draw $10","Non-Member","1 ","$10.00","$10.00"
"!Battery Buddies Auto Draw $10","Non-Member","1 ","$10.00","$10.00"
"!Battery PAX $30","Non-Member","1 ","$30.00","$30.00"
"!Battery Palm $30","Non-Member","1 ","$30.00","$30.00"
"!Battery Pocket Dabber","Non-Member","1 ","$30.00","$30.00"
"!Battery Silo $25","Non-Member","1 ","$25.00","$25.00"
"!Battery UGO V3","Non-Member","1 ","$18.00","$18.00"
"!Butane $7","Non-Member","1 ","$7.00","$7.00"
"!Chillum $4","Non-Member","1 ","$4.00","$4.00"
"!Dab Adapter $15","Non-Member","1 ","$15.00","$15.00"
"!Dab Tool $5","Non-Member","1 ","$5.00","$5.00"
"!Eco Grindr 025 $18","Non-Member","1 ","$18.00","$18.00"
"!Eco Grindr 025 $18 B","Non-Member","1 ","$18.00","$18.00"
"!Element Papers $4","Non-Member","1 ","$4.00","$4.00"
"!Elements Cones $3","Non-Member","1 ","$3.00","$3.00"
"!Elements King Papers $3","Non-Member","1 ","$3.00","$3.00"
"!Glass Banger $14","Non-Member","1 ","$14.00","$14.00"
"!Glass Banger $25","Non-Member","1 ","$25.00","$25.00"
"!Glass Banger $6","Non-Member","1 ","$6.00","$6.00"
"!Glass Bong $100","Non-Member","1 ","$100.00","$100.00"
"!Glass Bong $110","Non-Member","1 ","$110.00","$110.00"
"!Glass Bong $150","Non-Member","1 ","$150.00","$150.00"
"!Glass Bong $170","Non-Member","1 ","$170.00","$170.00"
"!Glass Bong $280","Non-Member","1 ","$280.00","$280.00"
"!Glass Bong $40","Non-Member","1 ","$40.00","$40.00"
"!Glass Bong $45","Non-Member","1 ","$45.00","$45.00"
"!Glass Bong $50","Non-Member","1 ","$50.00","$50.00"
"!Glass Bong $60","Non-Member","1 ","$60.00","$60.00"
"!Glass Bong $65","Non-Member","1 ","$65.00","$65.00"
"!Glass Bong $70","Non-Member","1 ","$70.00","$70.00"
"!Glass Bong $85","Non-Member","1 ","$85.00","$85.00"
"!Glass Bong UFO $250","Non-Member","1 ","$250.00","$250.00"
"!Glass Bowl $10","Non-Member","1 ","$10.00","$10.00"
"!Glass Bowl $12","Non-Member","1 ","$12.00","$12.00"
"!Glass Bowl $2","Non-Member","1 ","$2.00","$2.00"
"!Glass Bowl $8","Non-Member","1 ","$8.00","$8.00"
"!Glass Bowl 14mm $18","Non-Member","1 ","$18.00","$18.00"
"!Glass Bubbler $12","Non-Member","1 ","$12.00","$12.00"
"!Glass Bubbler $120","Non-Member","1 ","$120.00","$120.00"
"!Glass Bubbler $20","Non-Member","1 ","$20.00","$20.00"
"!Glass Bubbler $30","Non-Member","1 ","$30.00","$30.00"
"!Glass Bubbler $50","Non-Member","1 ","$50.00","$50.00"
"!Glass Cleaner $20","Non-Member","1 ","$15.00","$15.00"
"!Glass Dabrig $30","Non-Member","1 ","$30.00","$30.00"
"!Glass Dabrig $60","Non-Member","1 ","$60.00","$60.00"
"!Glass Pipe $10","Non-Member","1 ","$10.00","$10.00"
"!Glass Pipe $14","Non-Member","1 ","$14.00","$14.00"
"!Glass Pipe $18","Non-Member","1 ","$18.00","$18.00"
"!Glass Pipe $2","Non-Member","1 ","$2.00","$2.00"
"!Glass Pipe $20","Non-Member","1 ","$20.00","$20.00"
"!Glass Pipe $22","Non-Member","1 ","$22.00","$22.00"
"!Glass Pipe $30","Non-Member","1 ","$30.00","$30.00"
"!Glass Pipe $35","Non-Member","1 ","$35.00","$35.00"
"!Glass Pipe $38","Non-Member","1 ","$38.00","$38.00"
"!Glass Pipe $40","Non-Member","1 ","$40.00","$40.00"
"!Glass Pipe $8","Non-Member","1 ","$8.00","$8.00"
"!Glass Pipe B $25","Non-Member","1 ","$25.00","$25.00"
"!Glass Pipe B $30","Non-Member","1 ","$30.00","$30.00"
"!Glass Pipe B $40","Non-Member","1 ","$40.00","$40.00"
"!Glass Pipe C $25","Non-Member","1 ","$25.00","$25.00"
"!Glass Pipe Elephant $20","Non-Member","1 ","$20.00","$20.00"
"!Glass Pipe Sherlock $60","Non-Member","1 ","$60.00","$60.00"
"!Glass Sherlock $15","Non-Member","1 ","$15.00","$15.00"
"!Glass Straw $4","Non-Member","1 ","$4.00","$4.00"
"!Glass banger $50","Non-Member","1 ","$50.00","$50.00"
"!Glass dab cap $8","Non-Member","1 ","$8.00","$8.00"
"!Grinder $20","Non-Member","1 ","$20.00","$20.00"
"!Grinder High Roller $25","Non-Member","1 ","$25.00","$25.00"
"!Grinder Mini $10","Non-Member","1 ","$10.00","$10.00"
"!Grinder Wood $6","Non-Member","1 ","$6.00","$6.00"
"!Grindr $3","Non-Member","1 ","$3.00","$3.00"
"!Hemp Wick $2","Non-Member","1 ","$2.00","$2.00"
"!Hemp Wrap $3","Non-Member","1 ","$3.00","$3.00"
"!Lighter Bic $3","Non-Member","1 ","$3.00","$3.00"
"!Metal Grinder $30","Non-Member","1 ","$30.00","$30.00"
"!Metal Grinder $30 B","Non-Member","1 ","$30.00","$30.00"
"!Pen Charger$ 4","Non-Member","1 ","$4.00","$4.00"
"!Puffco Plus $90","Non-Member","1 ","$90.00","$90.00"
"!Quickdraw 500 DLX Vape $250","Non-Member","1 ","$250.00","$250.00"
"!Rangy's Drift Vape $50","Non-Member","1 ","$50.00","$50.00"
"!Raw Classic Papers $3","Non-Member","1 ","$3.00","$3.00"
"!Raw Cones 3pk $3","Non-Member","1 ","$3.00","$3.00"
"!Raw Lighter $2","Non-Member","1 ","$2.00","$2.00"
"!Raw Tips $2","Non-Member","1 ","$2.00","$2.00"
"!Silicone Bong $28","Non-Member","1 ","$28.00","$28.00"
"!Silicone Bong $65","Non-Member","1 ","$65.00","$65.00"
"!Silicone Bong $72","Non-Member","1 ","$72.00","$72.00"
"!Torch Mini $25","Non-Member","1 ","$25.00","$25.00"
"!Toro Vaporizer $100","Non-Member","1 ","$100.00","$100.00"
"!Wood Pipe $40","Non-Member","1 ","$40.00","$40.00"
"!Yocan Evolved XL Vape $65","Non-Member","1 ","$65.00","$65.00"
"!glass bong $80","Non-Member","1 ","$80.00","$80.00"
"$Glass bong $110","Non-Member","1 ","$110.00","$110.00"
"1047 cart LR 1g","Non-Member","1 ","$35.00","$35.00"
"24k JNT 0.5g 5pk","Non-Member","1 ","$8.33","$8.33"
"24k JNT 0.6g 2pk","Non-Member","1 ","$4.17","$4.17"
"24k PP 1g","Non-Member","1 g","$3.33","$3.33"
"","","3.5 g","$10.83","$10.83"
"","","4 g","$10.83","$10.83"
"","","7 g","$20.83","$20.83"
"","","14 g","$37.50","$37.50"
"","","28 g","$66.67","$66.67"
"","","56 g","$125.00","$125.00"
"24k PP 3.5g","Non-Member","1 g","$3.33","$3.33"
"","","3.5 g","$10.83","$10.83"
"","","4 g","$10.83","$10.83"
"","","7 g","$20.83","$20.83"
"","","14 g","$37.50","$37.50"
"","","28 g","$66.67","$66.67"
"","","56 g","$125.00","$125.00"
"24k PP 7g","Non-Member","1 g","$3.33","$3.33"
"","","3.5 g","$10.83","$10.83"
"","","4 g","$10.83","$10.83"
"","","7 g","$20.83","$20.83"
"","","14 g","$37.50","$37.50"
"","","28 g","$66.67","$66.67"
"","","56 g","$125.00","$125.00"
"Aja Hemp Herb Oil 1oz","Non-Member","1 ","$8.33","$8.33"
"Aja Massage Oil 8oz","Non-Member","1 ","$18.00","$18.00"
"Alien Dreams cart Live Dist 1g","Non-Member","1 ","$31.67","$31.67"
"Alien ET Twax JNT 1g","Non-Member","1 ","$16.67","$16.67"
"All Gas PP 1g","Non-Member","1 g","$3.33","$3.33"
"","","3.5 g","$10.83","$10.83"
"","","4 g","$10.83","$10.83"
"","","7 g","$20.83","$20.83"
"","","14 g","$37.50","$37.50"
"","","28 g","$66.67","$66.67"
"","","56 g","$125.00","$125.00"
"All Gas PP 3.5g","Non-Member","1 g","$3.33","$3.33"
"","","3.5 g","$10.83","$10.83"
"","","4 g","$10.83","$10.83"
"","","7 g","$20.83","$20.83"
"","","14 g","$37.50","$37.50"
"","","28 g","$66.67","$66.67"
"","","56 g","$125.00","$125.00"
"All Gas PP 7g","Non-Member","1 g","$3.33","$3.33"
"","","3.5 g","$10.83","$10.83"
"","","4 g","$10.83","$10.83"
"","","7 g","$20.83","$20.83"
"","","14 g","$37.50","$37.50"
"","","28 g","$66.67","$66.67"
"","","56 g","$125.00","$125.00"
"Alpha Bitch Cart CO2 1g","Non-Member","1 ","$15.00","$15.00"
"Alpine Kush cart Dist 1g","Non-Member","1 ","$29.17","$29.17"
"American Beauty cart LR 1g","Non-Member","1 ","$35.00","$35.00"
"BCD x Dr. Who JNT 0.5g 10pk","Non-Member","1 ","$16.67","$16.67"
"Banana Puddintain PP 1g","Non-Member","1 g","$3.33","$3.33"
"","","3.5 g","$10.83","$10.83"
"","","4 g","$10.83","$10.83"
"","","7 g","$20.83","$20.83"
"","","14 g","$37.50","$37.50"
"","","28 g","$66.67","$66.67"
"","","56 g","$125.00","$125.00"
"Banana Puddintain PP 3.5","Non-Member","1 g","$3.33","$3.33"
"","","3.5 g","$10.83","$10.83"
"","","4 g","$10.83","$10.83"
"","","7 g","$20.83","$20.83"
"","","14 g","$37.50","$37.50"
"","","28 g","$66.67","$66.67"
"","","56 g","$125.00","$125.00"
"Banana Puddintain PP 7g","Non-Member","1 g","$3.33","$3.33"
"","","3.5 g","$10.83","$10.83"
"","","4 g","$10.83","$10.83"
"","","7 g","$20.83","$20.83"
"","","14 g","$37.50","$37.50"
"","","28 g","$66.67","$66.67"
"","","56 g","$125.00","$125.00"
"Banner Cart Dist 1g","Non-Member","1 ","$29.17","$29.17"
"Bath Salt Soothing Lavender 165mg","Non-Member","1 ","$33.33","$33.33"
"Berry Gelato cart DIST 1g","Non-Member","1 ","$20.00","$20.00"
"Berry White JNT 0.5g 10pk","Non-Member","1 ","$12.50","$12.50"
"Birds Eye LR 1g","Non-Member","1 ","$20.00","$20.00"
"Black Cherry Cart CO2 1g","Non-Member","1 ","$20.83","$20.83"
"Black Cherry Mimosa Shatter 1g","Non-Member","1 ","$8.33","$8.33"
"Black Cherry Punch JNT 0.6g 2pk","Non-Member","1 ","$4.17","$4.17"
"Black Cherry Punch PP 1g","Non-Member","1 g","$5.83","$5.83"
"","","3.5 g","$19.17","$19.17"
"","","4 g","$19.17","$19.17"
"","","7 g","$35.00","$35.00"
"","","14 g","$66.67","$66.67"
"","","28 g","$125.00","$125.00"
"","","56 g","$241.67","$241.67"
"Black Cherry Punch PP 3.5g","Non-Member","1 g","$5.83","$5.83"
"","","3.5 g","$19.17","$19.17"
"","","4 g","$19.17","$19.17"
"","","7 g","$35.00","$35.00"
"","","14 g","$66.67","$66.67"
"","","28 g","$125.00","$125.00"
"","","56 g","$241.67","$241.67"
"Black Cherry Punch PP 7g","Non-Member","1 g","$5.83","$5.83"
"","","3.5 g","$19.17","$19.17"
"","","4 g","$19.17","$19.17"
"","","7 g","$35.00","$35.00"
"","","14 g","$66.67","$66.67"
"","","28 g","$125.00","$125.00"
"","","56 g","$241.67","$241.67"
"Black Dog JNT 0.6g","Non-Member","1 ","$2.50","$2.50"
"Black Dog JNT 1g","Non-Member","1 ","$6.67","$6.67"
"Black Dog PP 1g","Non-Member","1 g","$5.83","$5.83"
"","","3.5 g","$19.17","$19.17"
"","","4 g","$19.17","$19.17"
"","","7 g","$35.00","$35.00"
"","","14 g","$66.67","$66.67"
"","","28 g","$125.00","$125.00"
"","","56 g","$241.67","$241.67"
"Black Dog PP 3.5g","Non-Member","1 g","$5.83","$5.83"
"","","3.5 g","$19.17","$19.17"
"","","4 g","$19.17","$19.17"
"","","7 g","$35.00","$35.00"
"","","14 g","$66.67","$66.67"
"","","28 g","$125.00","$125.00"
"","","56 g","$241.67","$241.67"
"Black Dog PP 7g","Non-Member","1 g","$5.83","$5.83"
"","","3.5 g","$19.17","$19.17"
"","","4 g","$19.17","$19.17"
"","","7 g","$35.00","$35.00"
"","","14 g","$66.67","$66.67"
"","","28 g","$125.00","$125.00"
"","","56 g","$241.67","$241.67"
"Black Lime Cart Dist 1g","Non-Member","1 ","$13.33","$13.33"
"Black Sugar Rose JNT 0.6g","Non-Member","1 ","$2.50","$2.50"
"Black Sugar Rose PP 28g","Non-Member","1 ","$41.67","$41.67"
"Blackjack JNT 0.6g","Non-Member","1 ","$8.33","$8.33"
"Blackjack JNT 1g","Non-Member","1 ","$5.83","$5.83"
"Blackjack PP 1g
","Non-Member","1 g","$8.33","$8.33"
"","","3.5 g","$26.67","$26.67"
"","","4 g","$26.67","$26.67"
"","","7 g","$48.33","$48.33"
"","","14 g","$87.50","$87.50"
"","","28 g","$166.67","$166.67"
"","","56 g","$325.00","$325.00"
"","Standard Member","1 g","$8.33","$8.33"
"Blackjack PP 3.5g
","Non-Member","1 g","$8.33","$8.33"
"","","3.5 g","$26.67","$26.67"
"","","4 g","$26.67","$26.67"
"","","7 g","$48.33","$48.33"
"","","14 g","$87.50","$87.50"
"","","28 g","$166.67","$166.67"
"","","56 g","$325.00","$325.00"
"","Standard Member","1 g","$8.33","$8.33"
"Blackjack PP 7g","Non-Member","1 g","$8.33","$8.33"
"","","3.5 g","$26.67","$26.67"
"","","4 g","$26.67","$26.67"
"","","7 g","$48.33","$48.33"
"","","14 g","$87.50","$87.50"
"","","28 g","$166.67","$166.67"
"","","56 g","$325.00","$325.00"
"","Standard Member","1 g","$8.33","$8.33"
"Blood Orange JNT 0.5g 10pk","Non-Member","1 ","$16.67","$16.67"
"Blood Orange x Sapphire OG JNT 0.5g 10pk","Non-Member","1 ","$16.67","$16.67"
"Blue Cheese Cart Dist 1g","Non-Member","1 ","$8.33","$8.33"
"Blue City Diesel JNT 0.5g 10pk","Non-Member","1 ","$16.67","$16.67"
"Blue Cookies Cart CO2 1g","Non-Member","1 ","$16.67","$16.67"
"Blue Dream cart DIST 1g","Non-Member","1 ","$20.00","$20.00"
"Blue Magoo BLUNT 1g","Non-Member","1 ","$8.33","$8.33"
"Blue Magoo JNT 0.5g 5pk","Non-Member","1 ","$8.33","$8.33"
"Blue Magoo JNT 0.6g 2pk","Non-Member","1 ","$8.33","$8.33"
"Blue Magoo JNT 8g","Non-Member","1 ","$20.83","$20.83"
"Blue Magoo PP 1g","Non-Member","1 g","$5.83","$5.83"
"","","3.5 g","$19.17","$19.17"
"","","4 g","$19.17","$19.17"
"","","7 g","$35.00","$35.00"
"","","14 g","$66.67","$66.67"
"","","28 g","$125.00","$125.00"
"","","56 g","$241.67","$241.67"
"Blue Magoo PP 3.5g","Non-Member","1 g","$5.83","$5.83"
"","","3.5 g","$19.17","$19.17"
"","","4 g","$19.17","$19.17"
"","","7 g","$35.00","$35.00"
"","","14 g","$66.67","$66.67"
"","","28 g","$125.00","$125.00"
"","","56 g","$241.67","$241.67"
"Blue Magoo PP 7g","Non-Member","1 g","$5.83","$5.83"
"","","3.5 g","$19.17","$19.17"
"","","4 g","$19.17","$19.17"
"","","7 g","$35.00","$35.00"
"","","14 g","$66.67","$66.67"
"","","28 g","$125.00","$125.00"
"","","56 g","$241.67","$241.67"
"Blue Magoo cart LR 1g","Non-Member","1 ","$35.00","$35.00"
"Blueberry Diesel OG cart Dist 1g","Non-Member","1 ","$29.17","$29.17"
"Blueberry Diesel budder 1g","Non-Member","1 ","$16.67","$16.67"
"Blueberry Diesel x OT PP 28g","Non-Member","28 ","$16.67","$16.67"
"Blueberry Diesel x Triple OG JNT 0.5g 5pk","Non-Member","1 ","$8.33","$8.33"
"Blueberry Diesel x Triple OG PP 1g","Non-Member","1 g","$8.33","$8.33"
"","","3.5 g","$26.67","$26.67"
"","","4 g","$26.67","$26.67"
"","","7 g","$48.33","$48.33"
"","","14 g","$87.50","$87.50"
"","","28 g","$166.67","$166.67"
"","","56 g","$325.00","$325.00"
"","Standard Member","1 g","$8.33","$8.33"
"Blueberry Diesel x Triple OG PP 3.5g","Non-Member","1 g","$8.33","$8.33"
"","","3.5 g","$26.67","$26.67"
"","","4 g","$26.67","$26.67"
"","","7 g","$48.33","$48.33"
"","","14 g","$87.50","$87.50"
"","","28 g","$166.67","$166.67"
"","","56 g","$325.00","$325.00"
"","Standard Member","1 g","$8.33","$8.33"
"Blueberry Diesel x Triple OG PP 7g","Non-Member","1 g","$8.33","$8.33"
"","","3.5 g","$26.67","$26.67"
"","","4 g","$26.67","$26.67"
"","","7 g","$48.33","$48.33"
"","","14 g","$87.50","$87.50"
"","","28 g","$166.67","$166.67"
"","","56 g","$325.00","$325.00"
"","Standard Member","1 g","$8.33","$8.33"
"Blueberry Muffin JNT 0.5g 10pk","Non-Member","1 ","$15.00","$15.00"
"Blueberry Muffin JNT 0.5g 5pk","Non-Member","1 ","$10.00","$10.00"
"Blueberry Muffin JNT 1g","Non-Member","1 ","$5.00","$5.00"
"Blueberry Muffin JNT 6g","Non-Member","1 ","$45.83","$45.83"
"Blueberry Muffin cart LR 1g","Non-Member","1 ","$33.33","$33.33"
"Bruce Banner PP 1g","Non-Member","1 g","$5.83","$5.83"
"","","3.5 g","$19.17","$19.17"
"","","4 g","$19.17","$19.17"
"","","7 g","$35.00","$35.00"
"","","14 g","$66.67","$66.67"
"","","28 g","$125.00","$125.00"
"","","56 g","$241.67","$241.67"
"Bubba Kush JNT 0.6g 2pk","Non-Member","1 ","$4.17","$4.17"
"CBD Transdermal Patch","Non-Member","1 ","$12.50","$12.50"
"CBD Variety JNT 10pk","Non-Member","1 ","$15.00","$15.00"
"CBDiesel JNT 0.6g","Non-Member","1 ","$4.17","$4.17"
"CBDiesel PP 1g","Non-Member","1 g","$3.33","$3.33"
"","","3.5 g","$10.83","$10.83"
"","","4 g","$10.83","$10.83"
"","","7 g","$20.83","$20.83"
"","","14 g","$37.50","$37.50"
"","","28 g","$66.67","$66.67"
"","","56 g","$125.00","$125.00"
"CBDiesel PP 3.5g","Non-Member","1 g","$3.33","$3.33"
"","","3.5 g","$10.83","$10.83"
"","","4 g","$10.83","$10.83"
"","","7 g","$20.83","$20.83"
"","","14 g","$37.50","$37.50"
"","","28 g","$66.67","$66.67"
"","","56 g","$125.00","$125.00"
"CBDiesel PP 7g","Non-Member","1 g","$3.33","$3.33"
"","","3.5 g","$10.83","$10.83"
"","","4 g","$10.83","$10.83"
"","","7 g","$20.83","$20.83"
"","","14 g","$37.50","$37.50"
"","","28 g","$66.67","$66.67"
"","","56 g","$125.00","$125.00"
"Captain Fantasy JNT 0.6g","Non-Member","1 ","$5.00","$5.00"
"Captain Fantasy PP 1g","Non-Member","1 g","$3.33","$3.33"
"","","3.5 g","$10.83","$10.83"
"","","4 g","$10.83","$10.83"
"","","7 g","$20.83","$20.83"
"","","14 g","$37.50","$37.50"
"","","28 g","$66.67","$66.67"
"","","56 g","$125.00","$125.00"
"Captain Fantasy PP 3.5g","Non-Member","1 g","$3.33","$3.33"
"","","3.5 g","$10.83","$10.83"
"","","4 g","$10.83","$10.83"
"","","7 g","$20.83","$20.83"
"","","14 g","$37.50","$37.50"
"","","28 g","$66.67","$66.67"
"","","56 g","$125.00","$125.00"
"Captain Fantasy PP 7g","Non-Member","1 g","$3.33","$3.33"
"","","3.5 g","$10.83","$10.83"
"","","4 g","$10.83","$10.83"
"","","7 g","$20.83","$20.83"
"","","14 g","$37.50","$37.50"
"","","28 g","$66.67","$66.67"
"","","56 g","$125.00","$125.00"
"Carl Sagan PP 1g","Non-Member","1 g","$3.33","$3.33"
"","","3.5 g","$10.83","$10.83"
"","","4 g","$10.83","$10.83"
"","","7 g","$20.83","$20.83"
"","","14 g","$37.50","$37.50"
"","","28 g","$66.67","$66.67"
"","","56 g","$125.00","$125.00"
"Carl Sagan PP 3.5g","Non-Member","1 g","$3.33","$3.33"
"","","3.5 g","$10.83","$10.83"
"","","4 g","$10.83","$10.83"
"","","7 g","$20.83","$20.83"
"","","14 g","$37.50","$37.50"
"","","28 g","$66.67","$66.67"
"","","56 g","$125.00","$125.00"
"Carl Sagan PP 7g","Non-Member","1 g","$3.33","$3.33"
"","","3.5 g","$10.83","$10.83"
"","","4 g","$10.83","$10.83"
"","","7 g","$20.83","$20.83"
"","","14 g","$37.50","$37.50"
"","","28 g","$66.67","$66.67"
"","","56 g","$125.00","$125.00"
"Chem OG Bbuds PP 1g
","Non-Member","1 g","$5.83","$5.83"
"","","3.5 g","$19.17","$19.17"
"","","4 g","$19.17","$19.17"
"","","7 g","$35.00","$35.00"
"","","14 g","$66.67","$66.67"
"","","28 g","$125.00","$125.00"
"","","56 g","$241.67","$241.67"
"Chem OG Bbuds PP 3.5g
","Non-Member","1 g","$5.83","$5.83"
"","","3.5 g","$19.17","$19.17"
"","","4 g","$19.17","$19.17"
"","","7 g","$35.00","$35.00"
"","","14 g","$66.67","$66.67"
"","","28 g","$125.00","$125.00"
"","","56 g","$241.67","$241.67"
"Chem OG Bbuds PP 7g","Non-Member","1 g","$5.83","$5.83"
"","","3.5 g","$19.17","$19.17"
"","","4 g","$19.17","$19.17"
"","","7 g","$35.00","$35.00"
"","","14 g","$66.67","$66.67"
"","","28 g","$125.00","$125.00"
"","","56 g","$241.67","$241.67"
"Chem OG JNT 0.6g 2pk","Non-Member","1 ","$6.67","$6.67"
"Cherry Attobaox CBD LR 1g","Non-Member","1 ","$20.00","$20.00"
"Cherry Chem JNT 0.6g 2pk","Non-Member","1 ","$5.00","$5.00"
"Cherry Chem JNT 1g","Non-Member","1 ","$5.00","$5.00"
"Cherry Chem LR 1g","Non-Member","1 ","$20.00","$20.00"
"Cherry Chem PP 1g","Non-Member","1 g","$3.33","$3.33"
"","","3.5 g","$10.83","$10.83"
"","","4 g","$10.83","$10.83"
"","","7 g","$20.83","$20.83"
"","","14 g","$37.50","$37.50"
"","","28 g","$66.67","$66.67"
"","","56 g","$125.00","$125.00"
"Cherry Chem PP 3.5g","Non-Member","1 g","$3.33","$3.33"
"","","3.5 g","$10.83","$10.83"
"","","4 g","$10.83","$10.83"
"","","7 g","$20.83","$20.83"
"","","14 g","$37.50","$37.50"
"","","28 g","$66.67","$66.67"
"","","56 g","$125.00","$125.00"
"Cherry Chem PP 7g","Non-Member","1 g","$3.33","$3.33"
"","","3.5 g","$10.83","$10.83"
"","","4 g","$10.83","$10.83"
"","","7 g","$20.83","$20.83"
"","","14 g","$37.50","$37.50"
"","","28 g","$66.67","$66.67"
"","","56 g","$125.00","$125.00"
"Cherry Cookies JNT 0.6g 2pk","Non-Member","1 ","$10.00","$10.00"
"Cherry Cookies PP 1g
","Non-Member","1 g","$8.33","$8.33"
"","","3.5 g","$26.67","$26.67"
"","","4 g","$26.67","$26.67"
"","","7 g","$48.33","$48.33"
"","","14 g","$87.50","$87.50"
"","","28 g","$166.67","$166.67"
"","","56 g","$325.00","$325.00"
"","Standard Member","1 g","$8.33","$8.33"
"Cherry Cookies PP 3.5g
","Non-Member","1 g","$8.33","$8.33"
"","","3.5 g","$26.67","$26.67"
"","","4 g","$26.67","$26.67"
"","","7 g","$48.33","$48.33"
"","","14 g","$87.50","$87.50"
"","","28 g","$166.67","$166.67"
"","","56 g","$325.00","$325.00"
"","Standard Member","1 g","$8.33","$8.33"
"Cherry Cookies PP 7g","Non-Member","1 g","$8.33","$8.33"
"","","3.5 g","$26.67","$26.67"
"","","4 g","$26.67","$26.67"
"","","7 g","$48.33","$48.33"
"","","14 g","$87.50","$87.50"
"","","28 g","$166.67","$166.67"
"","","56 g","$325.00","$325.00"
"","Standard Member","1 g","$8.33","$8.33"
"Cherry Limeade BLUNT 1g","Non-Member","1 ","$8.33","$8.33"
"Cherry Limeade LR 1g","Non-Member","1 ","$30.00","$30.00"
"Cherry Wife 1:1 cart DIST 1g","Non-Member","1 ","$33.33","$33.33"
"Cherry Wine PP 1g","Non-Member","1 g","$3.33","$3.33"
"","","3.5 g","$10.83","$10.83"
"","","4 g","$10.83","$10.83"
"","","7 g","$20.83","$20.83"
"","","14 g","$37.50","$37.50"
"","","28 g","$66.67","$66.67"
"","","56 g","$125.00","$125.00"
"Cherry Wine PP 3.5g","Non-Member","1 g","$3.33","$3.33"
"","","3.5 g","$10.83","$10.83"
"","","4 g","$10.83","$10.83"
"","","7 g","$20.83","$20.83"
"","","14 g","$37.50","$37.50"
"","","28 g","$66.67","$66.67"
"","","56 g","$125.00","$125.00"
"Cherry Wine PP 7g","Non-Member","1 g","$3.33","$3.33"
"","","3.5 g","$10.83","$10.83"
"","","4 g","$10.83","$10.83"
"","","7 g","$20.83","$20.83"
"","","14 g","$37.50","$37.50"
"","","28 g","$66.67","$66.67"
"","","56 g","$125.00","$125.00"
"Choco Bonkers LR 1g","Non-Member","1 ","$60.00","$60.00"
"Choco Grape Diesel JNT 0.6g","Non-Member","1 ","$1.67","$1.67"
"Choco Grape Diesel JNT 0.6g 2pk","Non-Member","1 ","$8.33","$8.33"
"Choco Grape Diesel JNT 8g","Non-Member","1 ","$33.33","$33.33"
"Chocolate Bar Banana Pudding 50mg","Non-Member","1 ","$15.00","$15.00"
"Chocolate Bar Strawberry Cheese Cake 50mg","Non-Member","1 ","$8.33","$8.33"
"Chocolate Bite Chocolate Turtle Single 50mg","Non-Member","1 ","$6.67","$6.67"
"Chocolate Bite Tootie Frootie Single 50mg","Non-Member","1 ","$6.67","$6.67"
"Chocolate Blood Orange Single 5mg","Non-Member","1 ","$2.50","$2.50"
"Chocolate Hashberry JNT 0.5g 10pk","Non-Member","1 ","$12.50","$12.50"
"Chocolate Hashberry Shatter 1g","Non-Member","1 g","$10.00","$10.00"
"Chocolate Peach Single 5mg","Non-Member","1 ","$2.50","$2.50"
"Chocolate Strawberry Single 5mg","Non-Member","1 ","$2.50","$2.50"
"Citrus Kush LR 1g","Non-Member","1 ","$16.67","$16.67"
"Citrus Mint cart Dist 1g","Non-Member","1 ","$29.17","$29.17"
"Citrus Sap BLUNT 1g","Non-Member","1 ","$8.33","$8.33"
"Citrus Sap JNT 0.6g","Non-Member","1 ","$6.67","$6.67"
"Citrus Sap JNT 0.6g 2pk
","Non-Member","1 ","$3.33","$3.33"
"Citrus Sap KIEF 1g","Non-Member","1 ","$11.67","$11.67"
"Citrus Sap PP 1g","Non-Member","1 g","$5.83","$5.83"
"","","3.5 g","$19.17","$19.17"
"","","4 g","$19.17","$19.17"
"","","7 g","$35.00","$35.00"
"","","14 g","$66.67","$66.67"
"","","28 g","$125.00","$125.00"
"","","56 g","$241.67","$241.67"
"Citrus Sap PP 3.5g
","Non-Member","1 g","$3.33","$3.33"
"","","3.5 g","$10.83","$10.83"
"","","4 g","$10.83","$10.83"
"","","7 g","$20.83","$20.83"
"","","14 g","$37.50","$37.50"
"","","28 g","$66.67","$66.67"
"","","56 g","$125.00","$125.00"
"Citrus Sap PP 7g","Non-Member","1 g","$3.33","$3.33"
"","","3.5 g","$10.83","$10.83"
"","","4 g","$10.83","$10.83"
"","","7 g","$20.83","$20.83"
"","","14 g","$37.50","$37.50"
"","","28 g","$66.67","$66.67"
"","","56 g","$125.00","$125.00"
"Citrus Sap TWAX JNT 1g","Non-Member","1 ","$16.67","$16.67"
"Clementine Punch Shatter 1g","Non-Member","1 ","$10.00","$10.00"
"Clementine cart LR 1g","Non-Member","1 ","$35.00","$35.00"
"Concrete Breath LR 1g","Non-Member","1 ","$20.00","$20.00"
"Concrete Slippers LR 1g","Non-Member","1 ","$20.00","$20.00"
"Cookie Chchip 50mg","Non-Member","1 ","$5.00","$5.00"
"Cookie Chewy Spice 50mg","Non-Member","1 ","$6.67","$6.67"
"Cookie Choco Chip 50mg","Non-Member","1 ","$5.00","$5.00"
"Cookie Confetti Sprinkles 50mg","Non-Member","1 ","$6.67","$6.67"
"Cookie Crinkle 50mg Single
","Non-Member","1 ","$6.67","$6.67"
"Cookie Dawg cart LR 1g","Non-Member","1 ","$35.00","$35.00"
"Cookie Peanut Butter 50mg","Non-Member","1 ","$5.00","$5.00"
"Cookie Snickerdoodle 50mg","Non-Member","1 ","$5.00","$5.00"
"Copper Cush LR 1g","Non-Member","1 ","$16.67","$16.67"
"Cream N Tina JNT 1g","Non-Member","1 ","$11.67","$11.67"
"Cream N Tina PP 1g","Non-Member","1 g","$11.67","$11.67"
"","","3.5 g","$37.50","$37.50"
"","","4 g","$37.50","$37.50"
"","","7 g","$70.83","$70.83"
"","","14 g","$133.33","$133.33"
"","","28 g","$258.33","$258.33"
"","","56 g","$500.00","$500.00"
"Cream N Tina PP 3.5g","Non-Member","1 g","$11.67","$11.67"
"","","3.5 g","$37.50","$37.50"
"","","4 g","$37.50","$37.50"
"","","7 g","$70.83","$70.83"
"","","14 g","$133.33","$133.33"
"","","28 g","$258.33","$258.33"
"","","56 g","$500.00","$500.00"
"Cream N Tina PP 7g","Non-Member","1 g","$11.67","$11.67"
"","","3.5 g","$37.50","$37.50"
"","","4 g","$37.50","$37.50"
"","","7 g","$70.83","$70.83"
"","","14 g","$133.33","$133.33"
"","","28 g","$258.33","$258.33"
"","","56 g","$500.00","$500.00"
"Cream-n-Tina BULK","Non-Member","1 ","$11.67","$11.67"
"Creamsicle Cart Dist 0.5g","Non-Member","1 ","$5.83","$5.83"
"Crispy Fruity 50mg","Non-Member","1 ","$6.67","$6.67"
"Crispy S'more 50mg","Non-Member","1 ","$2.50","$2.50"
"Critical Cure JNT 0.6g 2pk","Non-Member","1 ","$3.33","$3.33"
"Critical Mass TWAX JNT 1g","Non-Member","1 ","$12.50","$12.50"
"Critical Orange Punch PP 28g","Non-Member","28 ","$41.67","$41.67"
"Crumbled Lime Cart LR 1g","Non-Member","1 ","$37.50","$37.50"
"Cuban Linx PP 1g","Non-Member","1 g","$8.33","$8.33"
"","","3.5 g","$26.67","$26.67"
"","","4 g","$26.67","$26.67"
"","","7 g","$48.33","$48.33"
"","","14 g","$87.50","$87.50"
"","","28 g","$166.67","$166.67"
"","","56 g","$325.00","$325.00"
"","Standard Member","1 g","$8.33","$8.33"
"Cuban Linx PP 3.5g","Non-Member","1 g","$8.33","$8.33"
"","","3.5 g","$26.67","$26.67"
"","","4 g","$26.67","$26.67"
"","","7 g","$48.33","$48.33"
"","","14 g","$87.50","$87.50"
"","","28 g","$166.67","$166.67"
"","","56 g","$325.00","$325.00"
"","Standard Member","1 g","$8.33","$8.33"
"Cuban Linx PP 7g","Non-Member","1 g","$8.33","$8.33"
"","","3.5 g","$26.67","$26.67"
"","","4 g","$26.67","$26.67"
"","","7 g","$48.33","$48.33"
"","","14 g","$87.50","$87.50"
"","","28 g","$166.67","$166.67"
"","","56 g","$325.00","$325.00"
"","Standard Member","1 g","$8.33","$8.33"
"Cuvve Cookies Crumble 1g","Non-Member","1 ","$16.67","$16.67"
"DR Who x Banana Split JNT 0.5g 10pk","Non-Member","1 ","$20.00","$20.00"
"Deadhead OG Cart Co2 1g","Non-Member","1 ","$18.33","$18.33"
"Deadhead OG JNT 0.5g 10pk","Non-Member","1 ","$16.67","$16.67"
"Dedication OG JNT 0.5g 5pk","Non-Member","1 ","$8.33","$8.33"
"Dedication OG JNT 0.6g 2pk","Non-Member","1 ","$4.17","$4.17"
"Diamond OG JNT 0.6g 2pk","Non-Member","1 ","$6.67","$6.67"
"Dog Walker JNT 0.6g","Non-Member","1 ","$3.33","$3.33"
"Dole Whip cart DIST 1g","Non-Member","1 ","$20.00","$20.00"
"Dosi Face JNT 0.6g","Non-Member","1 ","$6.67","$6.67"
"Dosi Face PP 1g","Non-Member","1 g","$5.83","$5.83"
"","","3.5 g","$19.17","$19.17"
"","","4 g","$19.17","$19.17"
"","","7 g","$35.00","$35.00"
"","","14 g","$66.67","$66.67"
"","","28 g","$125.00","$125.00"
"","","56 g","$241.67","$241.67"
"Dosi Face PP 3.5g","Non-Member","1 g","$5.83","$5.83"
"","","3.5 g","$19.17","$19.17"
"","","4 g","$19.17","$19.17"
"","","7 g","$35.00","$35.00"
"","","14 g","$66.67","$66.67"
"","","28 g","$125.00","$125.00"
"","","56 g","$241.67","$241.67"
"Dosi Face PP 7g","Non-Member","1 g","$5.83","$5.83"
"","","3.5 g","$19.17","$19.17"
"","","4 g","$19.17","$19.17"
"","","7 g","$35.00","$35.00"
"","","14 g","$66.67","$66.67"
"","","28 g","$125.00","$125.00"
"","","56 g","$241.67","$241.67"
"DosiFace PP 28g","Non-Member","28 ","$16.67","$16.67"
"Double Dream JNT 0.6g","Non-Member","1 ","$1.67","$1.67"
"Double Dream JNT 1g","Non-Member","1 ","$5.83","$5.83"
"Double Dream Live Dist cart 1g","Non-Member","1 ","$31.67","$31.67"
"Double Dream PP 1g","Non-Member","1 g","$5.83","$5.83"
"","","3.5 g","$19.17","$19.17"
"","","4 g","$19.17","$19.17"
"","","7 g","$35.00","$35.00"
"","","14 g","$66.67","$66.67"
"","","28 g","$125.00","$125.00"
"","","56 g","$241.67","$241.67"
"Double Dream PP 3.5g","Non-Member","1 g","$5.83","$5.83"
"","","3.5 g","$19.17","$19.17"
"","","4 g","$19.17","$19.17"
"","","7 g","$35.00","$35.00"
"","","14 g","$66.67","$66.67"
"","","28 g","$125.00","$125.00"
"","","56 g","$241.67","$241.67"
"Double Dream PP 7g","Non-Member","1 g","$5.83","$5.83"
"","","3.5 g","$19.17","$19.17"
"","","4 g","$19.17","$19.17"
"","","7 g","$35.00","$35.00"
"","","14 g","$66.67","$66.67"
"","","28 g","$125.00","$125.00"
"","","56 g","$241.67","$241.67"
"Dr. Who JNT 0.5g 10pk","Non-Member","1 ","$12.50","$12.50"
"Dream Lotus PAX Pod 0.5g","Non-Member","1 ","$24.17","$24.17"
"Dream Queen dist cart 1g","Non-Member","1 ","$29.17","$29.17"
"Drops Blackberry 10pk","Non-Member","1 ","$5.00","$5.00"
"Drops Blackberry 50mg Single","Non-Member","1 ","$2.50","$2.50"
"Drops Blueberry 10pk","Non-Member","1 ","$5.00","$5.00"
"Drops Blueberry 50mg Single","Non-Member","1 ","$8.33","$8.33"
"Drops Cherry 50mg 10pk","Non-Member","1 ","$7.50","$7.50"
"Drops Cherry 50mg Single","Non-Member","1 ","$2.50","$2.50"
"Drops Cranberry 10pk","Non-Member","1 ","$7.50","$7.50"
"Drops Cranberry 50mg Single","Non-Member","1 ","$5.00","$5.00"
"Drops Lemon 50mg 10pk","Non-Member","1 ","$7.50","$7.50"
"Drops Lemon 50mg Single","Non-Member","1 ","$2.50","$2.50"
"Drops Lime 50mg 10pk","Non-Member","1 ","$7.50","$7.50"
"Drops Lime 50mg Single","Non-Member","1 ","$2.50","$2.50"
"","Standard Member","1 ","$6.67","$6.67"
"Drops Orange 50mg 10pk","Non-Member","1 ","$7.50","$7.50"
"Drops Orange 50mg Single","Non-Member","1 ","$5.00","$5.00"
"Drops Raspberry 10pk","Non-Member","1 ","$7.50","$7.50"
"Drops Raspberry 50mg Single","Non-Member","1 ","$2.50","$2.50"
"Drops Strawberry 10pk","Non-Member","1 ","$7.50","$7.50"
"Drops Strawberry 50mg Single","Non-Member","1 ","$5.00","$5.00"
"Drops Watermelon 50mg 10pk","Non-Member","1 ","$7.50","$7.50"
"Drops Watermelon 50mg Single","Non-Member","1 ","$5.00","$5.00"
"Duct Tape BLUNT 1g","Non-Member","1 ","$8.33","$8.33"
"Duct Tape LR 1g","Non-Member","1 ","$20.00","$20.00"
"Duct Tape PP 1g","Non-Member","1 g","$11.67","$11.67"
"","","3.5 g","$37.50","$37.50"
"","","4 g","$37.50","$37.50"
"","","7 g","$70.83","$70.83"
"","","14 g","$133.33","$133.33"
"","","28 g","$258.33","$258.33"
"","","56 g","$500.00","$500.00"
"Duct Tape PP 3.5g","Non-Member","1 g","$11.67","$11.67"
"","","3.5 g","$37.50","$37.50"
"","","4 g","$37.50","$37.50"
"","","7 g","$70.83","$70.83"
"","","14 g","$133.33","$133.33"
"","","28 g","$258.33","$258.33"
"","","56 g","$500.00","$500.00"
"Duct Tape PP 7g","Non-Member","1 g","$11.67","$11.67"
"","","3.5 g","$37.50","$37.50"
"","","4 g","$37.50","$37.50"
"","","7 g","$70.83","$70.83"
"","","14 g","$133.33","$133.33"
"","","28 g","$258.33","$258.33"
"","","56 g","$500.00","$500.00"
"Duct Tape TWAX JNT 0.5g","Non-Member","1 ","$10.00","$10.00"
"Dutch Haze LR 1g","Non-Member","1 ","$16.67","$16.67"
"Dutch Treat Cart Dist 0.5g","Non-Member","1 ","$5.83","$5.83"
"Dutch Treat JNT 1g","Non-Member","1 ","$5.83","$5.83"
"El Jefe cart DIST 1g","Non-Member","1 ","$35.00","$35.00"
"Elixer Green Tea Matcha 50mg","Non-Member","1 ","$10.00","$10.00"
"Elixer Lemon Lime 50mg","Non-Member","1 ","$10.00","$10.00"
"Elixer Peach Mango 50mg","Non-Member","1 ","$10.00","$10.00"
"Elixer Pomegranate Cherry 50mg","Non-Member","1 ","$10.00","$10.00"
"Elixer Wild Berry Acai 1:1","Non-Member","1 ","$12.50","$12.50"
"Elixer Wild Berry Acai 50mg","Non-Member","1 ","$12.50","$12.50"
"Elvis Athena LR 1g","Non-Member","1 ","$20.00","$20.00"
"Fancy Girl JNT 1g","Non-Member","1 ","$10.00","$10.00"
"Fancy Girl PP 1g","Non-Member","1 g","$8.33","$8.33"
"","","3.5 g","$26.67","$26.67"
"","","4 g","$26.67","$26.67"
"","","7 g","$48.33","$48.33"
"","","14 g","$87.50","$87.50"
"","","28 g","$166.67","$166.67"
"","","56 g","$325.00","$325.00"
"","Standard Member","1 g","$8.33","$8.33"
"Fancy Girl PP 3.5g","Non-Member","1 g","$8.33","$8.33"
"","","3.5 g","$26.67","$26.67"
"","","4 g","$26.67","$26.67"
"","","7 g","$48.33","$48.33"
"","","14 g","$87.50","$87.50"
"","","28 g","$166.67","$166.67"
"","","56 g","$325.00","$325.00"
"","Standard Member","1 g","$8.33","$8.33"
"Fancy Girl PP 7g","Non-Member","1 g","$8.33","$8.33"
"","","3.5 g","$26.67","$26.67"
"","","4 g","$26.67","$26.67"
"","","7 g","$48.33","$48.33"
"","","14 g","$87.50","$87.50"
"","","28 g","$166.67","$166.67"
"","","56 g","$325.00","$325.00"
"","Standard Member","1 g","$8.33","$8.33"
"Fire OG Cart Co2 1g","Non-Member","1 ","$18.33","$18.33"
"Fire OG JNT 0.6g 2pk","Non-Member","1 ","$5.00","$5.00"
"Fire OG PP 1g","Non-Member","1 g","$3.33","$3.33"
"","","3.5 g","$10.83","$10.83"
"","","4 g","$10.83","$10.83"
"","","7 g","$20.83","$20.83"
"","","14 g","$37.50","$37.50"
"","","28 g","$66.67","$66.67"
"","","56 g","$125.00","$125.00"
"Fire OG PP 3.5g","Non-Member","1 g","$3.33","$3.33"
"","","3.5 g","$10.83","$10.83"
"","","4 g","$10.83","$10.83"
"","","7 g","$20.83","$20.83"
"","","14 g","$37.50","$37.50"
"","","28 g","$66.67","$66.67"
"","","56 g","$125.00","$125.00"
"Fire OG PP 7g","Non-Member","1 g","$3.33","$3.33"
"","","3.5 g","$10.83","$10.83"
"","","4 g","$10.83","$10.83"
"","","7 g","$20.83","$20.83"
"","","14 g","$37.50","$37.50"
"","","28 g","$66.67","$66.67"
"","","56 g","$125.00","$125.00"
"Frosted Lime PP 1g","Non-Member","1 g","$3.33","$3.33"
"","","3.5 g","$10.83","$10.83"
"","","4 g","$10.83","$10.83"
"","","7 g","$20.83","$20.83"
"","","14 g","$37.50","$37.50"
"","","28 g","$66.67","$66.67"
"","","56 g","$125.00","$125.00"
"Frosted Lime PP 3.5g","Non-Member","1 g","$3.33","$3.33"
"","","3.5 g","$10.83","$10.83"
"","","4 g","$10.83","$10.83"
"","","7 g","$20.83","$20.83"
"","","14 g","$37.50","$37.50"
"","","28 g","$66.67","$66.67"
"","","56 g","$125.00","$125.00"
"Frosted Lime PP 7g","Non-Member","1 g","$3.33","$3.33"
"","","3.5 g","$10.83","$10.83"
"","","4 g","$10.83","$10.83"
"","","7 g","$20.83","$20.83"
"","","14 g","$37.50","$37.50"
"","","28 g","$66.67","$66.67"
"","","56 g","$125.00","$125.00"
"Fudge Choco Mint 50mg","Non-Member","1 ","$10.00","$10.00"
"Fudge Indica Chill 50mg","Non-Member","1 ","$8.33","$8.33"
"Fudge Peanut Butter 50mg","Non-Member","1 ","$8.33","$8.33"
"Fudge Peppermint 50mg","Non-Member","1 ","$11.67","$11.67"
"Fudge Sativa Charge 50mg","Non-Member","1 ","$8.33","$8.33"
"Fukushima JNT 0.5g 10pk","Non-Member","1 ","$16.67","$16.67"
"GG#4 Cart LR 1g","Non-Member","1 ","$37.50","$37.50"
"GG#4 Cart Live Dist 1g","Non-Member","1 ","$31.67","$31.67"
"GG#4 JNT 0.5g 10pk","Non-Member","1 ","$16.67","$16.67"
"GG#4 cart Co2 1g","Non-Member","1 ","$16.67","$16.67"
"GMO Cookies BLUNT 1g","Non-Member","1 ","$8.33","$8.33"
"GMO Cookies Crumble 1g","Non-Member","1 ","$16.67","$16.67"
"GMO Cookies JNT 0.5g 10pk","Non-Member","1 ","$16.67","$16.67"
"GMO Cookies JNT 0.5g 5pk","Non-Member","1 ","$8.33","$8.33"
"GMO Cookies JNT 0.6g 2pk","Non-Member","1 ","$4.17","$4.17"
"GMO Cookies LR 1g","Non-Member","1 ","$16.67","$16.67"
"GMO Cookies cart LR 1g","Non-Member","1 ","$33.33","$33.33"
"GMO PP 28g","Non-Member","28 ","$16.67","$16.67"
"Gelato 33 JNT 1g","Non-Member","1 ","$5.00","$5.00"
"Gelato 33 PP 1g","Non-Member","1 g","$3.33","$3.33"
"","","3.5 g","$10.83","$10.83"
"","","4 g","$10.83","$10.83"
"","","7 g","$20.83","$20.83"
"","","14 g","$37.50","$37.50"
"","","28 g","$66.67","$66.67"
"","","56 g","$125.00","$125.00"
"Gelato 33 PP 3.5g","Non-Member","1 g","$3.33","$3.33"
"","","3.5 g","$10.83","$10.83"
"","","4 g","$10.83","$10.83"
"","","7 g","$20.83","$20.83"
"","","14 g","$37.50","$37.50"
"","","28 g","$66.67","$66.67"
"","","56 g","$125.00","$125.00"
"Gelato 33 PP 7g","Non-Member","1 g","$3.33","$3.33"
"","","3.5 g","$10.83","$10.83"
"","","4 g","$10.83","$10.83"
"","","7 g","$20.83","$20.83"
"","","14 g","$37.50","$37.50"
"","","28 g","$66.67","$66.67"
"","","56 g","$125.00","$125.00"
"Gelato cart LR 1g","Non-Member","1 ","$35.00","$35.00"
"Ghost Train Haze JNT 0.6g 2pk","Non-Member","1 ","$4.17","$4.17"
"Ghost Train Haze PP 1g","Non-Member","1 g","$3.33","$3.33"
"","","3.5 g","$10.83","$10.83"
"","","4 g","$10.83","$10.83"
"","","7 g","$20.83","$20.83"
"","","14 g","$37.50","$37.50"
"","","28 g","$66.67","$66.67"
"","","56 g","$125.00","$125.00"
"Ghost Train Haze PP 3.5g","Non-Member","1 g","$3.33","$3.33"
"","","3.5 g","$10.83","$10.83"
"","","4 g","$10.83","$10.83"
"","","7 g","$20.83","$20.83"
"","","14 g","$37.50","$37.50"
"","","28 g","$66.67","$66.67"
"","","56 g","$125.00","$125.00"
"Ghost Train Haze PP 7g","Non-Member","1 g","$3.33","$3.33"
"","","3.5 g","$10.83","$10.83"
"","","4 g","$10.83","$10.83"
"","","7 g","$20.83","$20.83"
"","","14 g","$37.50","$37.50"
"","","28 g","$66.67","$66.67"
"","","56 g","$125.00","$125.00"
"Ghost Train Haze cart LR 1g","Non-Member","1 ","$37.50","$37.50"
"Glitter Apples JNT 0.5g 5pk","Non-Member","1 ","$10.00","$10.00"
"Glitter Apples JNT 0.6g","Non-Member","1 ","$7.50","$7.50"
"Glitter Apples JNT 0.6g 2pk","Non-Member","1 ","$8.33","$8.33"
"Glitter Apples JNT 1g","Non-Member","1 ","$5.83","$5.83"
"Glitter Apples PP 1g","Non-Member","1 g","$3.33","$3.33"
"","","3.5 g","$10.83","$10.83"
"","","4 g","$10.83","$10.83"
"","","7 g","$20.83","$20.83"
"","","14 g","$37.50","$37.50"
"","","28 g","$66.67","$66.67"
"","","56 g","$125.00","$125.00"
"Glitter Apples PP 3.5g","Non-Member","1 g","$3.33","$3.33"
"","","3.5 g","$10.83","$10.83"
"","","4 g","$10.83","$10.83"
"","","7 g","$20.83","$20.83"
"","","14 g","$37.50","$37.50"
"","","28 g","$66.67","$66.67"
"","","56 g","$125.00","$125.00"
"Glitter Apples PP 7g","Non-Member","1 g","$3.33","$3.33"
"","","3.5 g","$10.83","$10.83"
"","","4 g","$10.83","$10.83"
"","","7 g","$20.83","$20.83"
"","","14 g","$37.50","$37.50"
"","","28 g","$66.67","$66.67"
"","","56 g","$125.00","$125.00"
"Golden Goat Cart LR 1g","Non-Member","1 ","$37.50","$37.50"
"Golden Goat LR 1g","Non-Member","1 ","$20.00","$20.00"
"Golden Pineapple LR 1g","Non-Member","1 ","$30.00","$30.00"
"Golden Pineapple cart LR 1g","Non-Member","1 ","$37.50","$37.50"
"Gotta Kookies cart Dist 1g","Non-Member","1 ","$29.17","$29.17"
"Granddaddy Purple cart Dist 1g","Non-Member","1 ","$18.33","$18.33"
"Grape OZ x UK Cheese LR 1g","Non-Member","1 ","$18.33","$18.33"
"Grape Rntz LR 1g","Non-Member","1 ","$30.00","$30.00"
"Grease Monkey Cart Co2 1g","Non-Member","1 ","$16.67","$16.67"
"Grease Monkey JNT 1g","Non-Member","1 ","$5.00","$5.00"
"Grease Monkey PP 1g","Non-Member","1 g","$8.33","$8.33"
"","","3.5 g","$26.67","$26.67"
"","","4 g","$26.67","$26.67"
"","","7 g","$48.33","$48.33"
"","","14 g","$87.50","$87.50"
"","","28 g","$166.67","$166.67"
"","","56 g","$325.00","$325.00"
"","Standard Member","1 g","$8.33","$8.33"
"Grease Monkey PP 3.5g","Non-Member","1 g","$8.33","$8.33"
"","","3.5 g","$26.67","$26.67"
"","","4 g","$26.67","$26.67"
"","","7 g","$48.33","$48.33"
"","","14 g","$87.50","$87.50"
"","","28 g","$166.67","$166.67"
"","","56 g","$325.00","$325.00"
"","Standard Member","1 g","$8.33","$8.33"
"Grease Monkey TWAX JNT 0.5g","Non-Member","1 ","$10.00","$10.00"
"Guava INFUSED JNT 0.5g 5pk","Non-Member","1 ","$26.67","$26.67"
"Gummi Bear JNT 0.5g 10pk","Non-Member","1 ","$16.67","$16.67"
"GummiBear x Skinny JNT 0.5g 10pk","Non-Member","1 ","$21.67","$21.67"
"Gummie Blackberry 1-1-1 50mg Single","Non-Member","1 ","$6.67","$6.67"
"Gummie Double Berry 2-1 Single","Non-Member","1 ","$6.67","$6.67"
"Gummie Grape 50mg Single","Non-Member","1 ","$5.00","$5.00"
"Gummie Lime 50mg Single","Non-Member","1 ","$5.00","$5.00"
"Gummie Strawberry 1-1 Single","Non-Member","1 ","$6.67","$6.67"
"Gummies Elderberry Hemp 500mg","Non-Member","1 ","$35.00","$35.00"
"Gummies Honey Lavender 10mg","Non-Member","1 ","$12.50","$12.50"
"Gummies Huckleberry 50mg","Non-Member","1 ","$16.67","$16.67"
"Gummies Lemon CBD 500mg","Non-Member","1 ","$30.00","$30.00"
"Gummies Marionberry 50mg","Non-Member","1 ","$16.67","$16.67"
"Gummies Pear 50mg","Non-Member","1 ","$20.00","$20.00"
"Gummies Raspberry 50mg","Non-Member","1 ","$16.67","$16.67"
"Gummy Huckleberry CBD 250mg 10pk","Non-Member","1 ","$18.00","$18.00"
"Gummy Peach 25mg 10pk","Non-Member","1 ","$16.67","$16.67"
"Gummy Pomegranate 50mg 10pk","Non-Member","1 ","$20.00","$20.00"
"Gummy Raspberry CBD 500mg 20pk","Non-Member","1 ","$30.00","$30.00"
"Gummys Blackberry 1-1-1 10pk","Non-Member","1 ","$10.00","$10.00"
"Gummys Double Berry 2-1 10pk","Non-Member","1 ","$10.00","$10.00"
"Hard Candy Black Cherry 50mg 10pk","Non-Member","1 ","$8.33","$8.33"
"Hard Candy Lemon 50mg 10pk","Non-Member","1 ","$6.67","$6.67"
"Hard Candy Tangerine 50mg 10pk","Non-Member","1 ","$15.00","$15.00"
"Hard Candy Watermelon 50mg 10pk","Non-Member","1 ","$12.50","$12.50"
"Hawaiian Haze Cart Dist 1g","Non-Member","1 ","$35.00","$35.00"
"Hercules Hemp Salve 1oz","Non-Member","1 ","$16.00","$16.00"
"Hercules Herb Oil 1oz","Non-Member","1 ","$8.33","$8.33"
"Hippie Crippler LR 1g","Non-Member","1 ","$16.67","$16.67"
"Hippy Crippler CRUMBLE 1g","Non-Member","1 ","$16.67","$16.67"
"Honey Stick CBD 50mg","Non-Member","1 ","$3.00","$3.00"
"Hot Diesel cart Live Dist 1g","Non-Member","1 ","$31.67","$31.67"
"Hot Rod cart Dist 1g","Non-Member","1 ","$29.17","$29.17"
"HulkaMania PP 1g","Non-Member","1 g","$5.83","$5.83"
"","","3.5 g","$19.17","$19.17"
"","","4 g","$19.17","$19.17"
"","","7 g","$35.00","$35.00"
"","","14 g","$66.67","$66.67"
"","","28 g","$125.00","$125.00"
"","","56 g","$241.67","$241.67"
"HulkaMania PP 3.5g","Non-Member","1 g","$5.83","$5.83"
"","","3.5 g","$19.17","$19.17"
"","","4 g","$19.17","$19.17"
"","","7 g","$35.00","$35.00"
"","","14 g","$66.67","$66.67"
"","","28 g","$125.00","$125.00"
"","","56 g","$241.67","$241.67"
"HulkaMania PP 7g","Non-Member","1 g","$5.83","$5.83"
"","","3.5 g","$19.17","$19.17"
"","","4 g","$19.17","$19.17"
"","","7 g","$35.00","$35.00"
"","","14 g","$66.67","$66.67"
"","","28 g","$125.00","$125.00"
"","","56 g","$241.67","$241.67"
"Ice Cream Cake Cart Live Dist 1g","Non-Member","1 ","$29.17","$29.17"
"Ice Cream Man JNT 0.5g 5pk","Non-Member","1 ","$8.33","$8.33"
"Ice Cream Man JNT 0.6g","Non-Member","1 ","$2.50","$2.50"
"Ice Cream Man JNT 10g","Non-Member","1 ","$33.33","$33.33"
"Ice Cream Man PP 1g
","Non-Member","1 g","$3.33","$3.33"
"","","3.5 g","$10.83","$10.83"
"","","4 g","$10.83","$10.83"
"","","7 g","$20.83","$20.83"
"","","14 g","$37.50","$37.50"
"","","28 g","$66.67","$66.67"
"","","56 g","$125.00","$125.00"
"Ice Cream Man PP 3.5g
","Non-Member","1 g","$3.33","$3.33"
"","","3.5 g","$10.83","$10.83"
"","","4 g","$10.83","$10.83"
"","","7 g","$20.83","$20.83"
"","","14 g","$37.50","$37.50"
"","","28 g","$66.67","$66.67"
"","","56 g","$125.00","$125.00"
"Ice Cream Man PP 7g
","Non-Member","1 g","$3.33","$3.33"
"","","3.5 g","$10.83","$10.83"
"","","4 g","$10.83","$10.83"
"","","7 g","$20.83","$20.83"
"","","14 g","$37.50","$37.50"
"","","28 g","$66.67","$66.67"
"","","56 g","$125.00","$125.00"
"J-1 PP 1g","Non-Member","1 g","$5.83","$5.83"
"","","3.5 g","$19.17","$19.17"
"","","4 g","$19.17","$19.17"
"","","7 g","$35.00","$35.00"
"","","14 g","$66.67","$66.67"
"","","28 g","$125.00","$125.00"
"","","56 g","$241.67","$241.67"
"J-1 PP 3.5g","Non-Member","1 g","$5.83","$5.83"
"","","3.5 g","$19.17","$19.17"
"","","4 g","$19.17","$19.17"
"","","7 g","$35.00","$35.00"
"","","14 g","$66.67","$66.67"
"","","28 g","$125.00","$125.00"
"","","56 g","$241.67","$241.67"
"J-1 PP 7g","Non-Member","1 g","$5.83","$5.83"
"","","3.5 g","$19.17","$19.17"
"","","4 g","$19.17","$19.17"
"","","7 g","$35.00","$35.00"
"","","14 g","$66.67","$66.67"
"","","28 g","$125.00","$125.00"
"","","56 g","$241.67","$241.67"
"J1 Cart Live Dist 1g","Non-Member","1 ","$31.67","$31.67"
"J1 Diesel Cart Dist 1g","Non-Member","1 ","$29.17","$29.17"
"J1 JNT 0.6g 2pk","Non-Member","1 ","$8.33","$8.33"
"Jack Herer Cart 0.5g","Non-Member","1 ","$5.83","$5.83"
"Jack Herer Cart Dist 1g","Non-Member","1 ","$16.67","$16.67"
"Jack N Bruce cart Dist 1g","Non-Member","1 ","$29.17","$29.17"
"Jack's Dream cart Live Dist 1g","Non-Member","1 ","$31.67","$31.67"
"Jager JNT 0.6g 2pk","Non-Member","1 ","$5.00","$5.00"
"Jager PP 1g","Non-Member","1 g","$5.83","$5.83"
"","","3.5 g","$19.17","$19.17"
"","","4 g","$19.17","$19.17"
"","","7 g","$35.00","$35.00"
"","","14 g","$66.67","$66.67"
"","","28 g","$125.00","$125.00"
"","","56 g","$241.67","$241.67"
"Jager PP 3.5g","Non-Member","1 g","$5.83","$5.83"
"","","3.5 g","$19.17","$19.17"
"","","4 g","$19.17","$19.17"
"","","7 g","$35.00","$35.00"
"","","14 g","$66.67","$66.67"
"","","28 g","$125.00","$125.00"
"","","56 g","$241.67","$241.67"
"Jager PP 7g","Non-Member","1 g","$5.83","$5.83"
"","","3.5 g","$19.17","$19.17"
"","","4 g","$19.17","$19.17"
"","","7 g","$35.00","$35.00"
"","","14 g","$66.67","$66.67"
"","","28 g","$125.00","$125.00"
"","","56 g","$241.67","$241.67"
"Jager Punch LR 1g","Non-Member","1 ","$30.00","$30.00"
"Jagermeister cart LR 1g","Non-Member","1 ","$37.50","$37.50"
"Jelly Rancher JNT 1g","Non-Member","1 ","$8.33","$8.33"
"Jelly Rancher PP 1g","Non-Member","1 g","$5.83","$5.83"
"","","3.5 g","$19.17","$19.17"
"","","4 g","$19.17","$19.17"
"","","7 g","$35.00","$35.00"
"","","14 g","$66.67","$66.67"
"","","28 g","$125.00","$125.00"
"","","56 g","$241.67","$241.67"
"Jelly Rancher PP 3.5g","Non-Member","1 g","$5.83","$5.83"
"","","3.5 g","$19.17","$19.17"
"","","4 g","$19.17","$19.17"
"","","7 g","$35.00","$35.00"
"","","14 g","$66.67","$66.67"
"","","28 g","$125.00","$125.00"
"","","56 g","$241.67","$241.67"
"Jelly Rancher PP 7g","Non-Member","1 g","$5.83","$5.83"
"","","3.5 g","$19.17","$19.17"
"","","4 g","$19.17","$19.17"
"","","7 g","$35.00","$35.00"
"","","14 g","$66.67","$66.67"
"","","28 g","$125.00","$125.00"
"","","56 g","$241.67","$241.67"
"Jet Diesel cart LR 1g","Non-Member","1 ","$35.00","$35.00"
"Jet Fuel Cart Dist 1g","Non-Member","1 ","$29.17","$29.17"
"Jet Fuel Gelato PAX LD 0.5g","Non-Member","1 ","$24.17","$24.17"
"Jumbalaya WAX 1g","Non-Member","1 ","$10.00","$10.00"
"Jungle Diamonds cart LR 1g","Non-Member","1 ","$37.50","$37.50"
"Jungle Juice crumble 1g","Non-Member","1 ","$16.67","$16.67"
"Key Lime Candy WAX 1g","Non-Member","1 ","$10.00","$10.00"
"Key Lime Pie TWAX jnt 1g","Non-Member","1 ","$16.67","$16.67"
"King Bubba BLUNT 1g","Non-Member","1 ","$8.33","$8.33"
"LA Kush Cake BLUNT 1g","Non-Member","1 ","$8.33","$8.33"
"Legend OG cart Live Dist 1g","Non-Member","1 ","$31.67","$31.67"
"Lemon Banana Sherbet JNT 0.5g 5pk","Non-Member","1 ","$8.33","$8.33"
"Lemon Banana Sherbet JNT 0.6g","Non-Member","1 ","$3.33","$3.33"
"Lemon Banana Sherbet PP 1g","Non-Member","1 g","$3.33","$3.33"
"","","3.5 g","$10.83","$10.83"
"","","4 g","$10.83","$10.83"
"","","7 g","$20.83","$20.83"
"","","14 g","$37.50","$37.50"
"","","28 g","$66.67","$66.67"
"","","56 g","$125.00","$125.00"
"Lemon Banana Sherbet PP 28","Non-Member","28 ","$16.67","$16.67"
"Lemon Banana Sherbet PP 3.5g","Non-Member","1 g","$3.33","$3.33"
"","","3.5 g","$10.83","$10.83"
"","","4 g","$10.83","$10.83"
"","","7 g","$20.83","$20.83"
"","","14 g","$37.50","$37.50"
"","","28 g","$66.67","$66.67"
"","","56 g","$125.00","$125.00"
"Lemon Banana Sherbet PP 7g","Non-Member","1 g","$3.33","$3.33"
"","","3.5 g","$10.83","$10.83"
"","","4 g","$10.83","$10.83"
"","","7 g","$20.83","$20.83"
"","","14 g","$37.50","$37.50"
"","","28 g","$66.67","$66.67"
"","","56 g","$125.00","$125.00"
"Lemon Blur cart Dist 1g","Non-Member","1 ","$29.17","$29.17"
"Lemon Cake cart Co2 1g","Non-Member","1 ","$15.00","$15.00"
"Lemon Kush JNT 0.6g 2pk","Non-Member","1 ","$3.33","$3.33"
"Lemon Lotus JNT 1g","Non-Member","1 ","$6.67","$6.67"
"Lemon Lotus JNT 1g 5pk","Non-Member","1 ","$20.00","$20.00"
"Lemon Meringue BLUNT 1g","Non-Member","1 ","$8.33","$8.33"
"Lemon Meringue Budder 1g","Non-Member","1 ","$16.67","$16.67"
"Lemon Meringue JNT 0.5g 10pk","Non-Member","1 ","$16.67","$16.67"
"Lemon Meringue SHATTER 1g","Non-Member","1 ","$6.67","$6.67"
"Lemon Meringue TWAX JNT 0.5g","Non-Member","1 ","$10.00","$10.00"
"Lemon Meringue TWAX jnt 1g","Non-Member","1 ","$16.67","$16.67"
"Lemon Meringue cart Co2 1g","Non-Member","1 ","$16.67","$16.67"
"Lemon Meringue x Skinny JNT 0.5g 10pk","Non-Member","1 ","$20.00","$20.00"
"Lemon Ozium x Sherb Cake LR 1g","Non-Member","1 ","$18.33","$18.33"
"Lemon Punch JNT 1g","Non-Member","1 ","$10.00","$10.00"
"Lemon Punch PP 1g","Non-Member","1 g","$11.67","$11.67"
"","","3.5 g","$37.50","$37.50"
"","","4 g","$37.50","$37.50"
"","","7 g","$70.83","$70.83"
"","","14 g","$133.33","$133.33"
"","","28 g","$258.33","$258.33"
"","","56 g","$500.00","$500.00"
"Lemon Punch PP 3.5g","Non-Member","1 g","$11.67","$11.67"
"","","3.5 g","$37.50","$37.50"
"","","4 g","$37.50","$37.50"
"","","7 g","$70.83","$70.83"
"","","14 g","$133.33","$133.33"
"","","28 g","$258.33","$258.33"
"","","56 g","$500.00","$500.00"
"Lemon Punch PP 7g","Non-Member","1 g","$11.67","$11.67"
"","","3.5 g","$37.50","$37.50"
"","","4 g","$37.50","$37.50"
"","","7 g","$70.83","$70.83"
"","","14 g","$133.33","$133.33"
"","","28 g","$258.33","$258.33"
"","","56 g","$500.00","$500.00"
"Lemon Royale JNT 0.6g 2pk","Non-Member","1 ","$8.33","$8.33"
"Lemon Royale JNT 1g","Non-Member","1 ","$6.67","$6.67"
"Lemon Royale PP 1g","Non-Member","1 g","$11.67","$11.67"
"","","3.5 g","$37.50","$37.50"
"","","4 g","$37.50","$37.50"
"","","7 g","$70.83","$70.83"
"","","14 g","$133.33","$133.33"
"","","28 g","$258.33","$258.33"
"","","56 g","$500.00","$500.00"
"Lemon Royale PP 3.5g","Non-Member","1 g","$11.67","$11.67"
"","","3.5 g","$37.50","$37.50"
"","","4 g","$37.50","$37.50"
"","","7 g","$70.83","$70.83"
"","","14 g","$133.33","$133.33"
"","","28 g","$258.33","$258.33"
"","","56 g","$500.00","$500.00"
"Lemon Royale PP 7g","Non-Member","1 g","$11.67","$11.67"
"","","3.5 g","$37.50","$37.50"
"","","4 g","$37.50","$37.50"
"","","7 g","$70.83","$70.83"
"","","14 g","$133.33","$133.33"
"","","28 g","$258.33","$258.33"
"","","56 g","$500.00","$500.00"
"Lemon Sour Diesel JNT 0.5g 10pk","Non-Member","1 ","$18.33","$18.33"
"Lemon Sour Diesel JNT 0.6g 2pk","Non-Member","1 ","$5.83","$5.83"
"Lemon Sour Diesel JNT 8g","Non-Member","1 ","$29.17","$29.17"
"Lemon Sour Diesel PP 1g","Non-Member","1 g","$3.33","$3.33"
"","","3.5 g","$10.83","$10.83"
"","","4 g","$10.83","$10.83"
"","","7 g","$20.83","$20.83"
"","","14 g","$37.50","$37.50"
"","","28 g","$66.67","$66.67"
"","","56 g","$125.00","$125.00"
"Lemon Sour Diesel PP 3.5g","Non-Member","1 g","$3.33","$3.33"
"","","3.5 g","$10.83","$10.83"
"","","4 g","$10.83","$10.83"
"","","7 g","$20.83","$20.83"
"","","14 g","$37.50","$37.50"
"","","28 g","$66.67","$66.67"
"","","56 g","$125.00","$125.00"
"Lemon Sour Diesel PP 7g","Non-Member","1 g","$3.33","$3.33"
"","","3.5 g","$10.83","$10.83"
"","","4 g","$10.83","$10.83"
"","","7 g","$20.83","$20.83"
"","","14 g","$37.50","$37.50"
"","","28 g","$66.67","$66.67"
"","","56 g","$125.00","$125.00"
"Lemongrass PP 1g","Non-Member","1 g","$3.33","$3.33"
"","","3.5 g","$10.83","$10.83"
"","","4 g","$10.83","$10.83"
"","","7 g","$20.83","$20.83"
"","","14 g","$37.50","$37.50"
"","","28 g","$66.67","$66.67"
"","","56 g","$125.00","$125.00"
"Lemongrass PP 3.5g","Non-Member","1 g","$3.33","$3.33"
"","","3.5 g","$10.83","$10.83"
"","","4 g","$10.83","$10.83"
"","","7 g","$20.83","$20.83"
"","","14 g","$37.50","$37.50"
"","","28 g","$66.67","$66.67"
"","","56 g","$125.00","$125.00"
"Lemongrass PP 7g","Non-Member","1 g","$3.33","$3.33"
"","","3.5 g","$10.83","$10.83"
"","","4 g","$10.83","$10.83"
"","","7 g","$20.83","$20.83"
"","","14 g","$37.50","$37.50"
"","","28 g","$66.67","$66.67"
"","","56 g","$125.00","$125.00"
"Lemongrass cart LR 1g","Non-Member","1 ","$33.33","$33.33"
"Lip Balm CBD Original 4.8g","Non-Member","1 ","$8.33","$8.33"
"Lip Balm THC Mint Tea Tree 4.8g","Non-Member","1 ","$8.33","$8.33"
"Lip Balm THC Original 4.8g","Non-Member","1 ","$8.33","$8.33"
"Lip Balm Vanilla Almond 10mg","Non-Member","1 ","$5.00","$5.00"
"Lollipop Caramel Apple 50mg","Non-Member","1 ","$5.83","$5.83"
"Lollipop Mango Chilli 50mg","Non-Member","1 ","$7.50","$7.50"
"Lollipop Strawberry 50mg","Non-Member","1 ","$5.83","$5.83"
"Loopa Goo LR 1g","Non-Member","1 ","$30.00","$30.00"
"Love Bucket Haze cart Dist 1g","Non-Member","1 ","$29.17","$29.17"
"MAC #4 Cart Dist 1g","Non-Member","1 ","$29.17","$29.17"
"MAC1 JNT 0.5g 5pk","Non-Member","1 ","$8.33","$8.33"
"MAC1 LR 1g","Non-Member","1 ","$16.67","$16.67"
"Mac Daddy dist cart 1g","Non-Member","1 ","$29.17","$29.17"
"Mac1 JNT 0.6g 2pk","Non-Member","1 ","$5.00","$5.00"
"Magenta Hashplant JNT 0.6g","Non-Member","1 ","$2.50","$2.50"
"Magic Drops Cream Soda Indica 1oz","Non-Member","1 ","$12.50","$12.50"
"Magic Melon CRUMBLE 1g","Non-Member","1 ","$16.67","$16.67"
"Magic Melon JNT 1g","Non-Member","1 ","$6.67","$6.67"
"Mandarin Cookies JNT 0.5g 10pk","Non-Member","1 ","$16.67","$16.67"
"Mandarin Cookies PP 1g","Non-Member","1 g","$8.33","$8.33"
"","","3.5 g","$26.67","$26.67"
"","","4 g","$26.67","$26.67"
"","","7 g","$48.33","$48.33"
"","","14 g","$87.50","$87.50"
"","","28 g","$166.67","$166.67"
"","","56 g","$325.00","$325.00"
"","Standard Member","1 g","$8.33","$8.33"
"Mandarin Cookies PP 3.5g","Non-Member","1 g","$8.33","$8.33"
"","","3.5 g","$26.67","$26.67"
"","","4 g","$26.67","$26.67"
"","","7 g","$48.33","$48.33"
"","","14 g","$87.50","$87.50"
"","","28 g","$166.67","$166.67"
"","","56 g","$325.00","$325.00"
"","Standard Member","1 g","$8.33","$8.33"
"Mandarin Cookies PP 7g","Non-Member","1 g","$8.33","$8.33"
"","","3.5 g","$26.67","$26.67"
"","","4 g","$26.67","$26.67"
"","","7 g","$48.33","$48.33"
"","","14 g","$87.50","$87.50"
"","","28 g","$166.67","$166.67"
"","","56 g","$325.00","$325.00"
"","Standard Member","1 g","$8.33","$8.33"
"Mango Kush cart Dist 1g","Non-Member","1 ","$29.17","$29.17"
"Mango SSH INFUSED JNT 0.5g 5pk","Non-Member","1 ","$26.67","$26.67"
"Mango cart DIST 1g","Non-Member","1 ","$29.17","$29.17"
"Mangolicious JNT 0.5g 5pk","Non-Member","1 ","$8.33","$8.33"
"Mangolicious JNT 0.6g","Non-Member","1 ","$5.00","$5.00"
"Mangolicious JNT 0.6g 2pk","Non-Member","1 ","$5.00","$5.00"
"Marshmellow Bon Bons 40mg","Non-Member","1 ","$13.33","$13.33"
"Massage Oil 4oz 450mg","Non-Member","1 ","$41.67","$41.67"
"Maui Wowie Cart Dist 1g","Non-Member","1 ","$13.33","$13.33"
"Maui Wowie cart Live Dist 1g","Non-Member","1 ","$31.67","$31.67"
"Mega Drops Cream Soda 1000mg","Non-Member","1 ","$45.83","$45.83"
"Mega Drops Passion Fruit 1000mg","Non-Member","1 ","$45.83","$45.83"
"Mendo Breath Cart Dist 1g","Non-Member","1 ","$18.33","$18.33"
"Mendo Purple JNT 0.6g 2pk","Non-Member","1 ","$5.83","$5.83"
"Mendo Purple PP 1g","Non-Member","1 g","$5.83","$5.83"
"","","3.5 g","$19.17","$19.17"
"","","4 g","$19.17","$19.17"
"","","7 g","$35.00","$35.00"
"","","14 g","$66.67","$66.67"
"","","28 g","$125.00","$125.00"
"","","56 g","$241.67","$241.67"
"Mendo Purple PP 3.5g","Non-Member","1 g","$5.83","$5.83"
"","","3.5 g","$19.17","$19.17"
"","","4 g","$19.17","$19.17"
"","","7 g","$35.00","$35.00"
"","","14 g","$66.67","$66.67"
"","","28 g","$125.00","$125.00"
"","","56 g","$241.67","$241.67"
"Mendo Purple PP 7g","Non-Member","1 g","$5.83","$5.83"
"","","3.5 g","$19.17","$19.17"
"","","4 g","$19.17","$19.17"
"","","7 g","$35.00","$35.00"
"","","14 g","$66.67","$66.67"
"","","28 g","$125.00","$125.00"
"","","56 g","$241.67","$241.67"
"Mikes Strawberry Lemonade PP 1g","Non-Member","1 g","$5.83","$5.83"
"","","3.5 g","$19.17","$19.17"
"","","4 g","$19.17","$19.17"
"","","7 g","$35.00","$35.00"
"","","14 g","$66.67","$66.67"
"","","28 g","$125.00","$125.00"
"","","56 g","$241.67","$241.67"
"Mikes Strawberry Lemonade PP 3.5g","Non-Member","1 g","$5.83","$5.83"
"","","3.5 g","$19.17","$19.17"
"","","4 g","$19.17","$19.17"
"","","7 g","$35.00","$35.00"
"","","14 g","$66.67","$66.67"
"","","28 g","$125.00","$125.00"
"","","56 g","$241.67","$241.67"
"Mikes Strawberry Lemonade PP 7g","Non-Member","1 g","$5.83","$5.83"
"","","3.5 g","$19.17","$19.17"
"","","4 g","$19.17","$19.17"
"","","7 g","$35.00","$35.00"
"","","14 g","$66.67","$66.67"
"","","28 g","$125.00","$125.00"
"","","56 g","$241.67","$241.67"
"Mimosa JNT 0.6g","Non-Member","1 ","$1.67","$1.67"
"Mimosa JNT 0.6g 2pk","Non-Member","1 ","$3.33","$3.33"
"Mimosa PP 1g","Non-Member","1 g","$8.33","$8.33"
"","","3.5 g","$26.67","$26.67"
"","","4 g","$26.67","$26.67"
"","","7 g","$48.33","$48.33"
"","","14 g","$87.50","$87.50"
"","","28 g","$166.67","$166.67"
"","","56 g","$325.00","$325.00"
"","Standard Member","1 g","$8.33","$8.33"
"Mimosa PP 28g","Non-Member","28 ","$16.67","$16.67"
"Mimosa PP 3.5g","Non-Member","1 g","$8.33","$8.33"
"","","3.5 g","$26.67","$26.67"
"","","4 g","$26.67","$26.67"
"","","7 g","$48.33","$48.33"
"","","14 g","$87.50","$87.50"
"","","28 g","$166.67","$166.67"
"","","56 g","$325.00","$325.00"
"","Standard Member","1 g","$8.33","$8.33"
"Mimosa PP 7g","Non-Member","1 g","$8.33","$8.33"
"","","3.5 g","$26.67","$26.67"
"","","4 g","$26.67","$26.67"
"","","7 g","$48.33","$48.33"
"","","14 g","$87.50","$87.50"
"","","28 g","$166.67","$166.67"
"","","56 g","$325.00","$325.00"
"","Standard Member","1 g","$8.33","$8.33"
"Mint Cinnamon 50mg","Non-Member","1 ","$11.67","$11.67"
"Mint Peppermint 50mg","Non-Member","1 ","$11.67","$11.67"
"Mob Boss LR 1g","Non-Member","1 ","$16.67","$16.67"
"Moby Dick JNT 0.5g 10pk","Non-Member","1 ","$16.67","$16.67"
"Moby PAX Pod 0.5g","Non-Member","1 ","$25.00","$25.00"
"Mr. Clean LR 1g","Non-Member","1 ","$60.00","$60.00"
"Neapolitan Mintz BLUNT 1g","Non-Member","1 ","$8.33","$8.33"
"New Years Eve PP 1g","Non-Member","1 g","$3.33","$3.33"
"","","3.5 g","$10.83","$10.83"
"","","4 g","$10.83","$10.83"
"","","7 g","$20.83","$20.83"
"","","14 g","$37.50","$37.50"
"","","28 g","$66.67","$66.67"
"","","56 g","$125.00","$125.00"
"New Years Eve PP 3.5g","Non-Member","1 g","$3.33","$3.33"
"","","3.5 g","$10.83","$10.83"
"","","4 g","$10.83","$10.83"
"","","7 g","$20.83","$20.83"
"","","14 g","$37.50","$37.50"
"","","28 g","$66.67","$66.67"
"","","56 g","$125.00","$125.00"
"New Years Eve PP 7g","Non-Member","1 g","$3.33","$3.33"
"","","3.5 g","$10.83","$10.83"
"","","4 g","$10.83","$10.83"
"","","7 g","$20.83","$20.83"
"","","14 g","$37.50","$37.50"
"","","28 g","$66.67","$66.67"
"","","56 g","$125.00","$125.00"
"Nigerian Silver BLUNT 2g","Non-Member","1 ","$15.00","$15.00"
"Nigerian Silver JNT 1g","Non-Member","1 ","$5.83","$5.83"
"Northern Lights Cart Dist 1g","Non-Member","1 ","$13.33","$13.33"
"OG Crasher KIEF 1g","Non-Member","1 ","$11.67","$11.67"
"OG Kush JNT 0.6g 2pk","Non-Member","1 ","$4.17","$4.17"
"OG Kush PP 1g","Non-Member","1 g","$3.33","$3.33"
"","","3.5 g","$10.83","$10.83"
"","","4 g","$10.83","$10.83"
"","","7 g","$20.83","$20.83"
"","","14 g","$37.50","$37.50"
"","","28 g","$66.67","$66.67"
"","","56 g","$125.00","$125.00"
"OG Kush PP 3.5g","Non-Member","1 g","$3.33","$3.33"
"","","3.5 g","$10.83","$10.83"
"","","4 g","$10.83","$10.83"
"","","7 g","$20.83","$20.83"
"","","14 g","$37.50","$37.50"
"","","28 g","$66.67","$66.67"
"","","56 g","$125.00","$125.00"
"OG Kush PP 7g","Non-Member","1 g","$3.33","$3.33"
"","","3.5 g","$10.83","$10.83"
"","","4 g","$10.83","$10.83"
"","","7 g","$20.83","$20.83"
"","","14 g","$37.50","$37.50"
"","","28 g","$66.67","$66.67"
"","","56 g","$125.00","$125.00"
"OG Kush cart Co2 1g","Non-Member","1 ","$16.67","$16.67"
"Old School Hash 1g","Non-Member","1 ","$6.67","$6.67"
"Orange Blossom Shatter 1g","Non-Member","1 ","$10.00","$10.00"
"Orange Freeze JNT 0.6g 2pk","Non-Member","1 ","$5.00","$5.00"
"Orange Freeze JNT 10g","Non-Member","1 ","$45.83","$45.83"
"Orange Freeze PP 1g","Non-Member","1 g","$3.33","$3.33"
"","","3.5 g","$10.83","$10.83"
"","","4 g","$10.83","$10.83"
"","","7 g","$20.83","$20.83"
"","","14 g","$37.50","$37.50"
"","","28 g","$66.67","$66.67"
"","","56 g","$125.00","$125.00"
"Orange Freeze PP 28","Non-Member","28 ","$16.67","$16.67"
"Orange Freeze PP 3.5g","Non-Member","1 g","$3.33","$3.33"
"","","3.5 g","$10.83","$10.83"
"","","4 g","$10.83","$10.83"
"","","7 g","$20.83","$20.83"
"","","14 g","$37.50","$37.50"
"","","28 g","$66.67","$66.67"
"","","56 g","$125.00","$125.00"
"Orange Freeze PP 7g","Non-Member","1 g","$3.33","$3.33"
"","","3.5 g","$10.83","$10.83"
"","","4 g","$10.83","$10.83"
"","","7 g","$20.83","$20.83"
"","","14 g","$37.50","$37.50"
"","","28 g","$66.67","$66.67"
"","","56 g","$125.00","$125.00"
"Orange Gelato Shatter 1g","Non-Member","1 ","$10.00","$10.00"
"Oregon Marionberry Cart CO2 1g","Non-Member","1 ","$20.83","$20.83"
"Original Glue BLUNT 2g","Non-Member","1 ","$15.00","$15.00"
"Pandemic Punch Crumble 1g","Non-Member","1 ","$16.67","$16.67"
"Pandora's Box TWAX JNT 1g","Non-Member","1 ","$16.67","$16.67"
"Papaya Punch JNT 0.6g","Non-Member","1 ","$4.17","$4.17"
"Papaya Punch PP 1g
","Non-Member","1 g","$5.83","$5.83"
"","","3.5 g","$19.17","$19.17"
"","","4 g","$19.17","$19.17"
"","","7 g","$35.00","$35.00"
"","","14 g","$66.67","$66.67"
"","","28 g","$125.00","$125.00"
"","","56 g","$241.67","$241.67"
"Papaya Punch PP 3.5g","Non-Member","1 g","$5.83","$5.83"
"","","3.5 g","$19.17","$19.17"
"","","4 g","$19.17","$19.17"
"","","7 g","$35.00","$35.00"
"","","14 g","$66.67","$66.67"
"","","28 g","$125.00","$125.00"
"","","56 g","$241.67","$241.67"
"Papaya Punch PP 7g","Non-Member","1 g","$5.83","$5.83"
"","","3.5 g","$19.17","$19.17"
"","","4 g","$19.17","$19.17"
"","","7 g","$35.00","$35.00"
"","","14 g","$66.67","$66.67"
"","","28 g","$125.00","$125.00"
"","","56 g","$241.67","$241.67"
"Papaya Punch cart LR 1g","Non-Member","1 ","$33.33","$33.33"
"Papayango LR 1g","Non-Member","1 ","$20.00","$20.00"
"Peanut Butter JNT 0.6g 2pk","Non-Member","1 ","$4.17","$4.17"
"Peanut Butter PP 1g","Non-Member","1 g","$3.33","$3.33"
"","","3.5 g","$10.83","$10.83"
"","","4 g","$10.83","$10.83"
"","","7 g","$20.83","$20.83"
"","","14 g","$37.50","$37.50"
"","","28 g","$66.67","$66.67"
"","","56 g","$125.00","$125.00"
"Peanut Butter PP 3.5","Non-Member","1 g","$3.33","$3.33"
"","","3.5 g","$10.83","$10.83"
"","","4 g","$10.83","$10.83"
"","","7 g","$20.83","$20.83"
"","","14 g","$37.50","$37.50"
"","","28 g","$66.67","$66.67"
"","","56 g","$125.00","$125.00"
"Peanut Butter PP 7g","Non-Member","1 g","$3.33","$3.33"
"","","3.5 g","$10.83","$10.83"
"","","4 g","$10.83","$10.83"
"","","7 g","$20.83","$20.83"
"","","14 g","$37.50","$37.50"
"","","28 g","$66.67","$66.67"
"","","56 g","$125.00","$125.00"
"PeanutButter Bombs Milk 50mg","Non-Member","1 ","$5.83","$5.83"
"Pennywise JNT 0.6g","Non-Member","1 ","$2.50","$2.50"
"Pennywise PP 28g","Non-Member","28 ","$16.67","$16.67"
"Peppermint Patties 50mg","Non-Member","1 ","$8.33","$8.33"
"Pineapple JNT 0.6g 2pk","Non-Member","1 ","$3.33","$3.33"
"Pineapple MAC LR 1g","Non-Member","1 ","$20.00","$20.00"
"Pineapple Mimosa LR 1g","Non-Member","1 ","$30.00","$30.00"
"Pineapple PP 1g","Non-Member","1 g","$3.33","$3.33"
"","","3.5 g","$10.83","$10.83"
"","","4 g","$10.83","$10.83"
"","","7 g","$20.83","$20.83"
"","","14 g","$37.50","$37.50"
"","","28 g","$66.67","$66.67"
"","","56 g","$125.00","$125.00"
"Pineapple PP 3.5g","Non-Member","1 g","$3.33","$3.33"
"","","3.5 g","$10.83","$10.83"
"","","4 g","$10.83","$10.83"
"","","7 g","$20.83","$20.83"
"","","14 g","$37.50","$37.50"
"","","28 g","$66.67","$66.67"
"","","56 g","$125.00","$125.00"
"Pineapple PP 7g","Non-Member","1 g","$3.33","$3.33"
"","","3.5 g","$10.83","$10.83"
"","","4 g","$10.83","$10.83"
"","","7 g","$20.83","$20.83"
"","","14 g","$37.50","$37.50"
"","","28 g","$66.67","$66.67"
"","","56 g","$125.00","$125.00"
"Pineapple Punch WAX 1g","Non-Member","1 ","$10.00","$10.00"
"Pineapple Slurry LR 1g","Non-Member","1 ","$30.00","$30.00"
"Pineapple Upsidedown Cake JNT 0.6g","Non-Member","1 ","$3.33","$3.33"
"Pineapple Upsidedown Cake PP 1g","Non-Member","1 g","$3.33","$3.33"
"","","3.5 g","$10.83","$10.83"
"","","4 g","$10.83","$10.83"
"","","7 g","$20.83","$20.83"
"","","14 g","$37.50","$37.50"
"","","28 g","$66.67","$66.67"
"","","56 g","$125.00","$125.00"
"Pineapple Upsidedown Cake PP 3.5g","Non-Member","1 g","$3.33","$3.33"
"","","3.5 g","$10.83","$10.83"
"","","4 g","$10.83","$10.83"
"","","7 g","$20.83","$20.83"
"","","14 g","$37.50","$37.50"
"","","28 g","$66.67","$66.67"
"","","56 g","$125.00","$125.00"
"Pineapple Upsidedown Cake PP 7g","Non-Member","1 g","$3.33","$3.33"
"","","3.5 g","$10.83","$10.83"
"","","4 g","$10.83","$10.83"
"","","7 g","$20.83","$20.83"
"","","14 g","$37.50","$37.50"
"","","28 g","$66.67","$66.67"
"","","56 g","$125.00","$125.00"
"Pink Guava Cart CO2 1g","Non-Member","1 ","$20.83","$20.83"
"Platinum Sour Diesel LR 1g","Non-Member","1 ","$36.67","$36.67"
"Point Break JNT 0.5g 5pk","Non-Member","1 ","$8.33","$8.33"
"Point Break JNT 0.6g 2pk","Non-Member","1 ","$5.83","$5.83"
"Pudding JNT 0.5g 10pk","Non-Member","1 ","$15.00","$15.00"
"Puppies Breath PP 1g","Non-Member","1 g","$3.33","$3.33"
"","","3.5 g","$10.83","$10.83"
"","","4 g","$10.83","$10.83"
"","","7 g","$20.83","$20.83"
"","","14 g","$37.50","$37.50"
"","","28 g","$66.67","$66.67"
"","","56 g","$125.00","$125.00"
"Puppies Breath PP 3.5g","Non-Member","1 g","$3.33","$3.33"
"","","3.5 g","$10.83","$10.83"
"","","4 g","$10.83","$10.83"
"","","7 g","$20.83","$20.83"
"","","14 g","$37.50","$37.50"
"","","28 g","$66.67","$66.67"
"","","56 g","$125.00","$125.00"
"Puppies Breath PP 7g","Non-Member","1 g","$3.33","$3.33"
"","","3.5 g","$10.83","$10.83"
"","","4 g","$10.83","$10.83"
"","","7 g","$20.83","$20.83"
"","","14 g","$37.50","$37.50"
"","","28 g","$66.67","$66.67"
"","","56 g","$125.00","$125.00"
"Purgatory JNT 0.5g 10pk","Non-Member","1 ","$16.67","$16.67"
"Purple Apricot Shatter 1g","Non-Member","1 ","$13.33","$13.33"
"Purple Goo JNT 7g","Non-Member","1 ","$20.00","$20.00"
"Purple Goo PP 1g","Non-Member","1 g","$3.33","$3.33"
"","","3.5 g","$10.83","$10.83"
"","","4 g","$10.83","$10.83"
"","","7 g","$20.83","$20.83"
"","","14 g","$37.50","$37.50"
"","","28 g","$66.67","$66.67"
"","","56 g","$125.00","$125.00"
"Purple Goo PP 3.5g","Non-Member","1 g","$3.33","$3.33"
"","","3.5 g","$10.83","$10.83"
"","","4 g","$10.83","$10.83"
"","","7 g","$20.83","$20.83"
"","","14 g","$37.50","$37.50"
"","","28 g","$66.67","$66.67"
"","","56 g","$125.00","$125.00"
"Purple Goo PP 7g","Non-Member","1 g","$3.33","$3.33"
"","","3.5 g","$10.83","$10.83"
"","","4 g","$10.83","$10.83"
"","","7 g","$20.83","$20.83"
"","","14 g","$37.50","$37.50"
"","","28 g","$66.67","$66.67"
"","","56 g","$125.00","$125.00"
"Purple Hindu Kush PP 1g","Non-Member","1 g","$3.33","$3.33"
"","","3.5 g","$10.83","$10.83"
"","","4 g","$10.83","$10.83"
"","","7 g","$20.83","$20.83"
"","","14 g","$37.50","$37.50"
"","","28 g","$66.67","$66.67"
"","","56 g","$125.00","$125.00"
"Purple Hindu Kush PP 3.5g","Non-Member","1 g","$3.33","$3.33"
"","","3.5 g","$10.83","$10.83"
"","","4 g","$10.83","$10.83"
"","","7 g","$20.83","$20.83"
"","","14 g","$37.50","$37.50"
"","","28 g","$66.67","$66.67"
"","","56 g","$125.00","$125.00"
"Purple Hindu Kush PP 7g","Non-Member","1 g","$3.33","$3.33"
"","","3.5 g","$10.83","$10.83"
"","","4 g","$10.83","$10.83"
"","","7 g","$20.83","$20.83"
"","","14 g","$37.50","$37.50"
"","","28 g","$66.67","$66.67"
"","","56 g","$125.00","$125.00"
"Purple OG LR 1g","Non-Member","1 ","$30.00","$30.00"
"Purple Punch B's 7g","Non-Member","1 g","$3.33","$3.33"
"","","3.5 g","$10.83","$10.83"
"","","4 g","$10.83","$10.83"
"","","7 g","$20.83","$20.83"
"","","14 g","$37.50","$37.50"
"","","28 g","$66.67","$66.67"
"","","56 g","$125.00","$125.00"
"Purple Punch B's PP 1g","Non-Member","1 g","$3.33","$3.33"
"","","3.5 g","$10.83","$10.83"
"","","4 g","$10.83","$10.83"
"","","7 g","$20.83","$20.83"
"","","14 g","$37.50","$37.50"
"","","28 g","$66.67","$66.67"
"","","56 g","$125.00","$125.00"
"Purple Punch B's PP 3.5g","Non-Member","1 g","$3.33","$3.33"
"","","3.5 g","$10.83","$10.83"
"","","4 g","$10.83","$10.83"
"","","7 g","$20.83","$20.83"
"","","14 g","$37.50","$37.50"
"","","28 g","$66.67","$66.67"
"","","56 g","$125.00","$125.00"
"Purple Punch Cart Dist 1g","Non-Member","1 ","$12.50","$12.50"
"Purple Punch Cart LR 1g","Non-Member","1 ","$37.50","$37.50"
"Purple Punch JNT 0.6g 2pk","Non-Member","1 ","$8.33","$8.33"
"Purple Punch PP 1g","Non-Member","1 g","$5.83","$5.83"
"","","3.5 g","$19.17","$19.17"
"","","4 g","$19.17","$19.17"
"","","7 g","$35.00","$35.00"
"","","14 g","$66.67","$66.67"
"","","28 g","$125.00","$125.00"
"","","56 g","$241.67","$241.67"
"Purple Punch PP 3.5g","Non-Member","1 g","$5.83","$5.83"
"","","3.5 g","$19.17","$19.17"
"","","4 g","$19.17","$19.17"
"","","7 g","$35.00","$35.00"
"","","14 g","$66.67","$66.67"
"","","28 g","$125.00","$125.00"
"","","56 g","$241.67","$241.67"
"Purple Punch PP 7g","Non-Member","1 g","$5.83","$5.83"
"","","3.5 g","$19.17","$19.17"
"","","4 g","$19.17","$19.17"
"","","7 g","$35.00","$35.00"
"","","14 g","$66.67","$66.67"
"","","28 g","$125.00","$125.00"
"","","56 g","$241.67","$241.67"
"Purple Punch TWAX 1g","Non-Member","1 ","$12.50","$12.50"
"Purple Swog cart DIST 1g","Non-Member","1 ","$29.17","$29.17"
"Purple Trainwreck JNT 0.5g 5pk","Non-Member","1 ","$10.00","$10.00"
"Purple Trainwreck JNT 0.6g 2pk
","Non-Member","1 ","$4.17","$4.17"
"Purple Urkle JNT 1g","Non-Member","1 ","$12.50","$12.50"
"Purple Urkle PP 1g","Non-Member","1 g","$8.33","$8.33"
"","","3.5 g","$26.67","$26.67"
"","","4 g","$26.67","$26.67"
"","","7 g","$48.33","$48.33"
"","","14 g","$87.50","$87.50"
"","","28 g","$166.67","$166.67"
"","","56 g","$325.00","$325.00"
"","Standard Member","1 g","$8.33","$8.33"
"Purple Urkle PP 3.5g","Non-Member","1 g","$8.33","$8.33"
"","","3.5 g","$26.67","$26.67"
"","","4 g","$26.67","$26.67"
"","","7 g","$48.33","$48.33"
"","","14 g","$87.50","$87.50"
"","","28 g","$166.67","$166.67"
"","","56 g","$325.00","$325.00"
"","Standard Member","1 g","$8.33","$8.33"
"Purple Urkle PP 7g","Non-Member","1 g","$8.33","$8.33"
"","","3.5 g","$26.67","$26.67"
"","","4 g","$26.67","$26.67"
"","","7 g","$48.33","$48.33"
"","","14 g","$87.50","$87.50"
"","","28 g","$166.67","$166.67"
"","","56 g","$325.00","$325.00"
"","Standard Member","1 g","$8.33","$8.33"
"RNTZ cart LR 1g","Non-Member","1 ","$37.50","$37.50"
"RSO 1:1 THC:CBD 1g","Non-Member","1 ","$16.67","$16.67"
"RSO High CBD 1g","Non-Member","1 ","$16.67","$16.67"
"RSO High THC 1g","Non-Member","1 ","$16.67","$16.67"
"Rainbow Ice Cream Shatter 1g","Non-Member","1 ","$8.33","$8.33"
"Raspberry Parfait JNT 0.6g","Non-Member","1 ","$2.50","$2.50"
"Raspberry Parfait JNT 8","Non-Member","1 ","$25.00","$25.00"
"Raspberry Parfait PP 1g","Non-Member","1 g","$3.33","$3.33"
"","","3.5 g","$10.83","$10.83"
"","","4 g","$10.83","$10.83"
"","","7 g","$20.83","$20.83"
"","","14 g","$37.50","$37.50"
"","","28 g","$66.67","$66.67"
"","","56 g","$125.00","$125.00"
"Raspberry Parfait PP 3.5g","Non-Member","1 g","$3.33","$3.33"
"","","3.5 g","$10.83","$10.83"
"","","4 g","$10.83","$10.83"
"","","7 g","$20.83","$20.83"
"","","14 g","$37.50","$37.50"
"","","28 g","$66.67","$66.67"
"","","56 g","$125.00","$125.00"
"Raspberry Parfait PP 7g","Non-Member","1 g","$3.33","$3.33"
"","","3.5 g","$10.83","$10.83"
"","","4 g","$10.83","$10.83"
"","","7 g","$20.83","$20.83"
"","","14 g","$37.50","$37.50"
"","","28 g","$66.67","$66.67"
"","","56 g","$125.00","$125.00"
"Rebel Sour PP 1g","Non-Member","1 g","$8.33","$8.33"
"","","3.5 g","$26.67","$26.67"
"","","4 g","$26.67","$26.67"
"","","7 g","$48.33","$48.33"
"","","14 g","$87.50","$87.50"
"","","28 g","$166.67","$166.67"
"","","56 g","$325.00","$325.00"
"","Standard Member","1 g","$8.33","$8.33"
"Rebel Sour PP 3.5g","Non-Member","1 g","$8.33","$8.33"
"","","3.5 g","$26.67","$26.67"
"","","4 g","$26.67","$26.67"
"","","7 g","$48.33","$48.33"
"","","14 g","$87.50","$87.50"
"","","28 g","$166.67","$166.67"
"","","56 g","$325.00","$325.00"
"","Standard Member","1 g","$8.33","$8.33"
"Rebel Sour PP 7g","Non-Member","1 g","$8.33","$8.33"
"","","3.5 g","$26.67","$26.67"
"","","4 g","$26.67","$26.67"
"","","7 g","$48.33","$48.33"
"","","14 g","$87.50","$87.50"
"","","28 g","$166.67","$166.67"
"","","56 g","$325.00","$325.00"
"","Standard Member","1 g","$8.33","$8.33"
"Ringo Tsu Cart LR 1g","Non-Member","1 ","$35.00","$35.00"
"Royal Highness JNT 0.6g
","Non-Member","1 ","$5.83","$5.83"
"Royal Highness PP 1g
","Non-Member","1 g","$5.83","$5.83"
"","","3.5 g","$19.17","$19.17"
"","","4 g","$19.17","$19.17"
"","","7 g","$35.00","$35.00"
"","","14 g","$66.67","$66.67"
"","","28 g","$125.00","$125.00"
"","","56 g","$241.67","$241.67"
"Royal Highness PP 3.5g
","Non-Member","1 g","$5.83","$5.83"
"","","3.5 g","$19.17","$19.17"
"","","4 g","$19.17","$19.17"
"","","7 g","$35.00","$35.00"
"","","14 g","$66.67","$66.67"
"","","28 g","$125.00","$125.00"
"","","56 g","$241.67","$241.67"
"Royal Highness PP 7g
","Non-Member","1 g","$5.83","$5.83"
"","","3.5 g","$19.17","$19.17"
"","","4 g","$19.17","$19.17"
"","","7 g","$35.00","$35.00"
"","","14 g","$66.67","$66.67"
"","","28 g","$125.00","$125.00"
"","","56 g","$241.67","$241.67"
"Royal Highness crumble 1g","Non-Member","1 ","$16.67","$16.67"
"Royal Truth Dist Cart 1g","Non-Member","1 ","$29.17","$29.17"
"Rude Boi JNT 1g","Non-Member","1 ","$5.83","$5.83"
"Rude Boi PP 1g","Non-Member","1 g","$5.83","$5.83"
"","","3.5 g","$19.17","$19.17"
"","","4 g","$19.17","$19.17"
"","","7 g","$35.00","$35.00"
"","","14 g","$66.67","$66.67"
"","","28 g","$125.00","$125.00"
"","","56 g","$241.67","$241.67"
"Rude Boi PP 3.5g","Non-Member","1 g","$5.83","$5.83"
"","","3.5 g","$19.17","$19.17"
"","","4 g","$19.17","$19.17"
"","","7 g","$35.00","$35.00"
"","","14 g","$66.67","$66.67"
"","","28 g","$125.00","$125.00"
"","","56 g","$241.67","$241.67"
"Rude Boi PP 7g","Non-Member","1 g","$5.83","$5.83"
"","","3.5 g","$19.17","$19.17"
"","","4 g","$19.17","$19.17"
"","","7 g","$35.00","$35.00"
"","","14 g","$66.67","$66.67"
"","","28 g","$125.00","$125.00"
"","","56 g","$241.67","$241.67"
"RudeBoi Cart Dist 1g","Non-Member","1 ","$35.00","$35.00"
"RudeBoi Cart LR 1g","Non-Member","1 ","$37.50","$37.50"
"SNO JNT 0.6g","Non-Member","1 ","$1.67","$1.67"
"Sapphire OG JNT 0.5g 10pk","Non-Member","1 ","$16.67","$16.67"
"Sapphire Scout JNT 0.6g","Non-Member","1 ","$3.33","$3.33"
"Sapphire Scout PP 1g","Non-Member","1 g","$3.33","$3.33"
"","","3.5 g","$10.83","$10.83"
"","","4 g","$10.83","$10.83"
"","","7 g","$20.83","$20.83"
"","","14 g","$37.50","$37.50"
"","","28 g","$66.67","$66.67"
"","","56 g","$125.00","$125.00"
"Sapphire Scout PP 3.5g","Non-Member","1 g","$3.33","$3.33"
"","","3.5 g","$10.83","$10.83"
"","","4 g","$10.83","$10.83"
"","","7 g","$20.83","$20.83"
"","","14 g","$37.50","$37.50"
"","","28 g","$66.67","$66.67"
"","","56 g","$125.00","$125.00"
"Sapphire Scout PP 7g","Non-Member","1 g","$3.33","$3.33"
"","","3.5 g","$10.83","$10.83"
"","","4 g","$10.83","$10.83"
"","","7 g","$20.83","$20.83"
"","","14 g","$37.50","$37.50"
"","","28 g","$66.67","$66.67"
"","","56 g","$125.00","$125.00"
"Sapphire Scout x Gelato JNT 0.5g 10pk","Non-Member","1 ","$21.67","$21.67"
"Secret Cheese Live Dist cart 1g","Non-Member","1 ","$31.67","$31.67"
"Secret OG LR 1g","Non-Member","1 ","$20.00","$20.00"
"Sherbet Cart Dist 1g","Non-Member","1 ","$29.17","$29.17"
"Skywalk OG Cart LR 1g","Non-Member","1 ","$35.00","$35.00"
"Slurricane LR","Non-Member","1 ","$30.00","$30.00"
"Snoop Dawg JNT 0.6g 2pk","Non-Member","1 ","$5.00","$5.00"
"Snoop Dawg PP 1g","Non-Member","1 g","$3.33","$3.33"
"","","3.5 g","$10.83","$10.83"
"","","4 g","$10.83","$10.83"
"","","7 g","$20.83","$20.83"
"","","14 g","$37.50","$37.50"
"","","28 g","$66.67","$66.67"
"","","56 g","$125.00","$125.00"
"Snoop Dawg PP 3.5g","Non-Member","1 g","$3.33","$3.33"
"","","3.5 g","$10.83","$10.83"
"","","4 g","$10.83","$10.83"
"","","7 g","$20.83","$20.83"
"","","14 g","$37.50","$37.50"
"","","28 g","$66.67","$66.67"
"","","56 g","$125.00","$125.00"
"Snoop Dawg PP 7g","Non-Member","3.5 g","$10.83","$10.83"
"","","7 g","$20.83","$20.83"
"Snow Kandy LR 1g","Non-Member","1 ","$18.33","$18.33"
"Snowland Cart Dist 1g","Non-Member","1 ","$31.67","$31.67"
"Soda Cherry Vanilla 50mg","Non-Member","1 ","$11.67","$11.67"
"Soda Cola 25mg","Non-Member","1 ","$4.17","$4.17"
"Soda Mandarin Lime 10mg","Non-Member","1 ","$4.17","$4.17"
"Softgels CBD 100mg 20pk","Non-Member","1 ","$16.67","$16.67"
"Softgels THC 100mg 20pk","Non-Member","1 ","$16.67","$16.67"
"Solstice Chronic cart DIST 1g","Non-Member","1 ","$29.17","$29.17"
"Sour Blue JNT 0.5g 5pk","Non-Member","1 ","$8.33","$8.33"
"Sour Cookies Shatter 1g","Non-Member","1 ","$13.33","$13.33"
"Sour Diesel JNT 0.6g","Non-Member","1 ","$5.00","$5.00"
"Sour Diesel JNT 0.6g 2pk","Non-Member","1 ","$5.83","$5.83"
"Sour Diesel PP 1g","Non-Member","1 g","$5.83","$5.83"
"","","3.5 g","$19.17","$19.17"
"","","4 g","$19.17","$19.17"
"","","7 g","$35.00","$35.00"
"","","14 g","$66.67","$66.67"
"","","28 g","$125.00","$125.00"
"","","56 g","$241.67","$241.67"
"Sour Diesel PP 3.5g","Non-Member","1 g","$5.83","$5.83"
"","","3.5 g","$19.17","$19.17"
"","","4 g","$19.17","$19.17"
"","","7 g","$35.00","$35.00"
"","","14 g","$66.67","$66.67"
"","","28 g","$125.00","$125.00"
"","","56 g","$241.67","$241.67"
"Sour Diesel PP 7g","Non-Member","1 g","$5.83","$5.83"
"","","3.5 g","$19.17","$19.17"
"","","4 g","$19.17","$19.17"
"","","7 g","$35.00","$35.00"
"","","14 g","$66.67","$66.67"
"","","28 g","$125.00","$125.00"
"","","56 g","$241.67","$241.67"
"Sour Diesel Shatter 1g","Non-Member","1 ","$11.67","$11.67"
"Sour Diesel cart DIST 1g","Non-Member","1 ","$4.16","$4.16"
"Sour Diesel cart LR 1g","Non-Member","1 ","$33.33","$33.33"
"Sour Durban cart LR 1g","Non-Member","1 ","$35.00","$35.00"
"Sour Mango LR 1g","Non-Member","1 ","$16.67","$16.67"
"Sour Patch Kiss CRUMBLE 1g","Non-Member","1 ","$16.67","$16.67"
"Sour Pink Lemonade JNT 0.6g 2pk","Non-Member","1 ","$5.83","$5.83"
"Sour Pink Lemonade PP 1g","Non-Member","1 g","$3.33","$3.33"
"","","3.5 g","$10.83","$10.83"
"","","4 g","$10.83","$10.83"
"","","7 g","$20.83","$20.83"
"","","14 g","$37.50","$37.50"
"","","28 g","$66.67","$66.67"
"","","56 g","$125.00","$125.00"
"Sour Pink Lemonade PP 3.5g","Non-Member","1 g","$3.33","$3.33"
"","","3.5 g","$10.83","$10.83"
"","","4 g","$10.83","$10.83"
"","","7 g","$20.83","$20.83"
"","","14 g","$37.50","$37.50"
"","","28 g","$66.67","$66.67"
"","","56 g","$125.00","$125.00"
"Sour Pink Lemonade PP 7g","Non-Member","1 g","$3.33","$3.33"
"","","3.5 g","$10.83","$10.83"
"","","4 g","$10.83","$10.83"
"","","7 g","$20.83","$20.83"
"","","14 g","$37.50","$37.50"
"","","28 g","$66.67","$66.67"
"","","56 g","$125.00","$125.00"
"Sour Sundae JNT 1g 5pk","Non-Member","1 ","$18.33","$18.33"
"Sour Sundae PP 1g","Non-Member","1 g","$3.33","$3.33"
"","","3.5 g","$10.83","$10.83"
"","","4 g","$10.83","$10.83"
"","","7 g","$20.83","$20.83"
"","","14 g","$37.50","$37.50"
"","","28 g","$66.67","$66.67"
"","","56 g","$125.00","$125.00"
"Sour Sundae PP 3.5g","Non-Member","1 g","$3.33","$3.33"
"","","3.5 g","$10.83","$10.83"
"","","4 g","$10.83","$10.83"
"","","7 g","$20.83","$20.83"
"","","14 g","$37.50","$37.50"
"","","28 g","$66.67","$66.67"
"","","56 g","$125.00","$125.00"
"Sour Sundae PP 7g","Non-Member","1 g","$3.33","$3.33"
"","","3.5 g","$10.83","$10.83"
"","","4 g","$10.83","$10.83"
"","","7 g","$20.83","$20.83"
"","","14 g","$37.50","$37.50"
"","","28 g","$66.67","$66.67"
"","","56 g","$125.00","$125.00"
"Sour Tsunami Cart Dist 1g","Non-Member","1 ","$13.33","$13.33"
"Space Candy JNT 0.6g 2pk","Non-Member","1 ","$5.00","$5.00"
"Space Candy PP 1g","Non-Member","1 g","$3.33","$3.33"
"","","3.5 g","$10.83","$10.83"
"","","4 g","$10.83","$10.83"
"","","7 g","$20.83","$20.83"
"","","14 g","$37.50","$37.50"
"","","28 g","$66.67","$66.67"
"","","56 g","$125.00","$125.00"
"Space Candy PP 3.5g","Non-Member","1 g","$3.33","$3.33"
"","","3.5 g","$10.83","$10.83"
"","","4 g","$10.83","$10.83"
"","","7 g","$20.83","$20.83"
"","","14 g","$37.50","$37.50"
"","","28 g","$66.67","$66.67"
"","","56 g","$125.00","$125.00"
"Space Candy PP 7g","Non-Member","1 g","$3.33","$3.33"
"","","3.5 g","$10.83","$10.83"
"","","4 g","$10.83","$10.83"
"","","7 g","$20.83","$20.83"
"","","14 g","$37.50","$37.50"
"","","28 g","$66.67","$66.67"
"","","56 g","$125.00","$125.00"
"Strawberry Cake dist cart 1g","Non-Member","1 ","$29.17","$29.17"
"Strawberry Cheesecake WAX 1g","Non-Member","1 ","$10.00","$10.00"
"Strawberry Cough Cart Dist 1g","Non-Member","1 ","$18.33","$18.33"
"Strawberry Guava Budder 1g","Non-Member","1 ","$16.67","$16.67"
"Strawberry Guava JNT 0.6g","Non-Member","1 ","$8.33","$8.33"
"Strawberry Guava PP 1g","Non-Member","1 g","$8.33","$8.33"
"","","3.5 g","$26.67","$26.67"
"","","4 g","$26.67","$26.67"
"","","7 g","$48.33","$48.33"
"","","14 g","$87.50","$87.50"
"","","28 g","$166.67","$166.67"
"","","56 g","$325.00","$325.00"
"","Standard Member","1 g","$8.33","$8.33"
"Strawberry Guava PP 3.5g
","Non-Member","1 g","$8.33","$8.33"
"","","3.5 g","$26.67","$26.67"
"","","4 g","$26.67","$26.67"
"","","7 g","$48.33","$48.33"
"","","14 g","$87.50","$87.50"
"","","28 g","$166.67","$166.67"
"","","56 g","$325.00","$325.00"
"","Standard Member","1 g","$8.33","$8.33"
"Strawberry Guava PP 7g","Non-Member","1 g","$8.33","$8.33"
"","","3.5 g","$26.67","$26.67"
"","","4 g","$26.67","$26.67"
"","","7 g","$48.33","$48.33"
"","","14 g","$87.50","$87.50"
"","","28 g","$166.67","$166.67"
"","","56 g","$325.00","$325.00"
"","Standard Member","1 g","$8.33","$8.33"
"Strawberry Kush BLUNT 1g","Non-Member","1 ","$8.33","$8.33"
"Strawberry Lemonade JNT 0.5g 5pk","Non-Member","1 ","$8.33","$8.33"
"Strawberry Lemonade JNT 0.6g 2pk","Non-Member","1 ","$5.83","$5.83"
"Strawberry Lemonade JNT 10g","Non-Member","1 ","$37.50","$37.50"
"Strawberry Lemonade PP 1g","Non-Member","1 g","$3.33","$3.33"
"","","3.5 g","$10.83","$10.83"
"","","4 g","$10.83","$10.83"
"","","7 g","$20.83","$20.83"
"","","14 g","$37.50","$37.50"
"","","28 g","$66.67","$66.67"
"","","56 g","$125.00","$125.00"
"Strawberry Lemonade PP 3.5g","Non-Member","1 g","$3.33","$3.33"
"","","3.5 g","$10.83","$10.83"
"","","4 g","$10.83","$10.83"
"","","7 g","$20.83","$20.83"
"","","14 g","$37.50","$37.50"
"","","28 g","$66.67","$66.67"
"","","56 g","$125.00","$125.00"
"Strawberry Lemonade PP 7g","Non-Member","1 g","$3.33","$3.33"
"","","3.5 g","$10.83","$10.83"
"","","4 g","$10.83","$10.83"
"","","7 g","$20.83","$20.83"
"","","14 g","$37.50","$37.50"
"","","28 g","$66.67","$66.67"
"","","56 g","$125.00","$125.00"
"Strawnana Cart Dist 1g","Non-Member","1 ","$13.33","$13.33"
"Strawpicanna Live Dist cart 1g","Non-Member","1 ","$31.67","$31.67"
"Sugar Cane 1:1 cart LR 1g","Non-Member","1 ","$37.50","$37.50"
"Sunday Driver JNT 0.6g","Non-Member","1 ","$5.00","$5.00"
"Sunday Driver PP 1g","Non-Member","1 g","$5.83","$5.83"
"","","3.5 g","$19.17","$19.17"
"","","4 g","$19.17","$19.17"
"","","7 g","$35.00","$35.00"
"","","14 g","$66.67","$66.67"
"","","28 g","$125.00","$125.00"
"","","56 g","$241.67","$241.67"
"Sunday Driver PP 3.5g
","Non-Member","1 g","$5.83","$5.83"
"","","3.5 g","$19.17","$19.17"
"","","4 g","$19.17","$19.17"
"","","7 g","$35.00","$35.00"
"","","14 g","$66.67","$66.67"
"","","28 g","$125.00","$125.00"
"","","56 g","$241.67","$241.67"
"Sunday Driver PP 7g","Non-Member","1 g","$5.83","$5.83"
"","","3.5 g","$19.17","$19.17"
"","","4 g","$19.17","$19.17"
"","","7 g","$35.00","$35.00"
"","","14 g","$66.67","$66.67"
"","","28 g","$125.00","$125.00"
"","","56 g","$241.67","$241.67"
"Super Critical Shatter 1g","Non-Member","1 ","$8.33","$8.33"
"Super Dave BLUNT 1g","Non-Member","1 ","$8.33","$8.33"
"Super Glue PAX Pod 0.5g","Non-Member","1 ","$25.00","$25.00"
"Super Lemon Haze Cart 0.5g","Non-Member","0.5 ","$5.83","$5.83"
"Super Lemon MAC Cart Live Dist 1g","Non-Member","1 ","$31.67","$31.67"
"Super Silver Haze JNT 0.6g","Non-Member","1 ","$5.00","$5.00"
"Super Silver Haze PP 1g","Non-Member","1 g","$5.83","$5.83"
"","","3.5 g","$19.17","$19.17"
"","","4 g","$19.17","$19.17"
"","","7 g","$35.00","$35.00"
"","","14 g","$66.67","$66.67"
"","","28 g","$125.00","$125.00"
"","","56 g","$241.67","$241.67"
"Super Silver Haze PP 3.5g","Non-Member","1 g","$5.83","$5.83"
"","","3.5 g","$19.17","$19.17"
"","","4 g","$19.17","$19.17"
"","","7 g","$35.00","$35.00"
"","","14 g","$66.67","$66.67"
"","","28 g","$125.00","$125.00"
"","","56 g","$241.67","$241.67"
"Super Silver Haze PP 7g","Non-Member","1 g","$5.83","$5.83"
"","","3.5 g","$19.17","$19.17"
"","","4 g","$19.17","$19.17"
"","","7 g","$35.00","$35.00"
"","","14 g","$66.67","$66.67"
"","","28 g","$125.00","$125.00"
"","","56 g","$241.67","$241.67"
"Suver Haze cart Dist 1g","Non-Member","1 ","$8.33","$8.33"
"Sweet Leaf Blend JNT 0.65g 10pk
","Non-Member","1 ","$10.00","$10.00"
"THC Bomb Cart Live Dist 1g","Non-Member","1 ","$31.67","$31.67"
"THC Bomb cart LR 1g","Non-Member","1 ","$35.00","$35.00"
"THC Bomb x UV Cart LR 1g","Non-Member","1 ","$35.00","$35.00"
"TMGSC x LSD JNT 0.5g 10pk","Non-Member","1 ","$20.00","$20.00"
"Tahoe Cookies PP 1g","Non-Member","1 g","$5.83","$5.83"
"","","3.5 g","$19.17","$19.17"
"","","4 g","$19.17","$19.17"
"","","7 g","$35.00","$35.00"
"","","14 g","$66.67","$66.67"
"","","28 g","$125.00","$125.00"
"","","56 g","$241.67","$241.67"
"Tahoe Cookies PP 3.5g","Non-Member","1 g","$5.83","$5.83"
"","","3.5 g","$19.17","$19.17"
"","","4 g","$19.17","$19.17"
"","","7 g","$35.00","$35.00"
"","","14 g","$66.67","$66.67"
"","","28 g","$125.00","$125.00"
"","","56 g","$241.67","$241.67"
"Tahoe Cookies PP 7g","Non-Member","1 g","$5.83","$5.83"
"","","3.5 g","$19.17","$19.17"
"","","4 g","$19.17","$19.17"
"","","7 g","$35.00","$35.00"
"","","14 g","$66.67","$66.67"
"","","28 g","$125.00","$125.00"
"","","56 g","$241.67","$241.67"
"Tangie 'N Cream JNT 0.5g 10pk","Non-Member","1 ","$18.33","$18.33"
"Terp Slerp JNT 0.6g 2pk","Non-Member","1 ","$5.83","$5.83"
"Terpy Slerp PP 1g","Non-Member","1 g","$5.83","$5.83"
"","","3.5 g","$19.17","$19.17"
"","","4 g","$19.17","$19.17"
"","","7 g","$35.00","$35.00"
"","","14 g","$66.67","$66.67"
"","","28 g","$125.00","$125.00"
"","","56 g","$241.67","$241.67"
"Terpy Slerp PP 3.5g","Non-Member","1 g","$5.83","$5.83"
"","","3.5 g","$19.17","$19.17"
"","","4 g","$19.17","$19.17"
"","","7 g","$35.00","$35.00"
"","","14 g","$66.67","$66.67"
"","","28 g","$125.00","$125.00"
"","","56 g","$241.67","$241.67"
"Terpy Slerp PP 7g","Non-Member","1 g","$5.83","$5.83"
"","","3.5 g","$19.17","$19.17"
"","","4 g","$19.17","$19.17"
"","","7 g","$35.00","$35.00"
"","","14 g","$66.67","$66.67"
"","","28 g","$125.00","$125.00"
"","","56 g","$241.67","$241.67"
"The White Cart LR 1g","Non-Member","1 ","$35.00","$35.00"
"Thicc Girl JNT 0.6g 2pk","Non-Member","1 ","$5.00","$5.00"
"Thicc Girl PP 1g","Non-Member","1 g","$3.33","$3.33"
"","","3.5 g","$10.83","$10.83"
"","","4 g","$10.83","$10.83"
"","","7 g","$20.83","$20.83"
"","","14 g","$37.50","$37.50"
"","","28 g","$66.67","$66.67"
"","","56 g","$125.00","$125.00"
"Thicc Girl PP 28g","Non-Member","28 ","$16.67","$16.67"
"Thicc Girl PP 3.5g","Non-Member","1 g","$3.33","$3.33"
"","","3.5 g","$10.83","$10.83"
"","","4 g","$10.83","$10.83"
"","","7 g","$20.83","$20.83"
"","","14 g","$37.50","$37.50"
"","","28 g","$66.67","$66.67"
"","","56 g","$125.00","$125.00"
"Thicc Girl PP 7g","Non-Member","1 g","$3.33","$3.33"
"","","3.5 g","$10.83","$10.83"
"","","4 g","$10.83","$10.83"
"","","7 g","$20.83","$20.83"
"","","14 g","$37.50","$37.50"
"","","28 g","$66.67","$66.67"
"","","56 g","$125.00","$125.00"
"Thin Mint JNT 0.5g 10pk","Non-Member","1 ","$16.67","$16.67"
"Tincture Blackberry 150mg","Non-Member","1 ","$15.00","$15.00"
"Tincture Blackberry 250mg","Non-Member","1 ","$20.00","$20.00"
"Tincture Blackberry 500mg","Non-Member","1 ","$35.00","$35.00"
"Tincture Blue Raspberry 150mg","Non-Member","1 ","$15.00","$15.00"
"Tincture Blue Raspberry 250mg","Non-Member","1 ","$20.00","$20.00"
"Tincture Blue Raspberry 500mg","Non-Member","1 ","$35.00","$35.00"
"Tincture Celebrate THC 1000mg","Non-Member","1 ","$41.67","$41.67"
"Tincture Drops C Shot 1oz","Non-Member","1 ","$33.33","$33.33"
"Tincture Drops CT Shot 1oz","Non-Member","1 ","$33.33","$33.33"
"Tincture Drops T Shot 1oz","Non-Member","1 ","$33.33","$33.33"
"Tincture Hibernate CBN 1270mg","Non-Member","1 ","$41.67","$41.67"
"Tincture Mango 150mg","Non-Member","1 ","$15.00","$15.00"
"Tincture Mango 250mg","Non-Member","1 ","$20.00","$20.00"
"Tincture Mango 500mg","Non-Member","1 ","$35.00","$35.00"
"Tincture Partake THC 300mg","Non-Member","1 ","$20.83","$20.83"
"Tincture Recover CBD 1000mg","Non-Member","1 ","$33.33","$33.33"
"Tincture Revive CBD 5000mg","Non-Member","1 ","$75.00","$75.00"
"Tincture Spray C Shot 0.17oz","Non-Member","1 ","$16.67","$16.67"
"Tincture Spray CT Shot 0.17oz","Non-Member","1 ","$16.67","$16.67"
"Tincture Spray T Shot 0.17oz","Non-Member","1 ","$16.67","$16.67"
"Tincture Super Punch 150mg","Non-Member","1 ","$15.00","$15.00"
"Tincture Super Punch 250mg","Non-Member","1 ","$20.00","$20.00"
"Tincture Super Punch 500mg","Non-Member","1 ","$35.00","$35.00"
"Transdermal 1to1 Patch","Non-Member","1 ","$12.50","$12.50"
"Triple Blueberry Diesel JNT 0.6g 2pk","Non-Member","1 ","$7.50","$7.50"
"Triple Blueberry PP 1g","Non-Member","1 g","$3.33","$3.33"
"","","3.5 g","$10.83","$10.83"
"","","4 g","$10.83","$10.83"
"","","7 g","$20.83","$20.83"
"","","14 g","$37.50","$37.50"
"","","28 g","$66.67","$66.67"
"","","56 g","$125.00","$125.00"
"Triple Blueberry PP 3.5g","Non-Member","1 g","$3.33","$3.33"
"","","3.5 g","$10.83","$10.83"
"","","4 g","$10.83","$10.83"
"","","7 g","$20.83","$20.83"
"","","14 g","$37.50","$37.50"
"","","28 g","$66.67","$66.67"
"","","56 g","$125.00","$125.00"
"Triple Blueberry PP 7g","Non-Member","1 g","$3.33","$3.33"
"","","3.5 g","$10.83","$10.83"
"","","4 g","$10.83","$10.83"
"","","7 g","$20.83","$20.83"
"","","14 g","$37.50","$37.50"
"","","28 g","$66.67","$66.67"
"","","56 g","$125.00","$125.00"
"Triple Chocolate Chip TWAX JNT 1g","Non-Member","1 ","$16.67","$16.67"
"Tropical Trainwreck cart Dist 1g","Non-Member","1 ","$16.67","$16.67"
"Tropicana Cookies JNT 0.6g 2pk","Non-Member","1 ","$4.17","$4.17"
"Tropicana Cookies PP 1g","Non-Member","1 g","$3.33","$3.33"
"","","3.5 g","$10.83","$10.83"
"","","4 g","$10.83","$10.83"
"","","7 g","$20.83","$20.83"
"","","14 g","$37.50","$37.50"
"","","28 g","$66.67","$66.67"
"","","56 g","$125.00","$125.00"
"Tropicana Cookies PP 28g","Non-Member","28 ","$16.67","$16.67"
"Tropicana Cookies PP 3.5g","Non-Member","1 g","$3.33","$3.33"
"","","3.5 g","$10.83","$10.83"
"","","4 g","$10.83","$10.83"
"","","7 g","$20.83","$20.83"
"","","14 g","$37.50","$37.50"
"","","28 g","$66.67","$66.67"
"","","56 g","$125.00","$125.00"
"Tropicana Cookies PP 7g","Non-Member","1 g","$3.33","$3.33"
"","","3.5 g","$10.83","$10.83"
"","","4 g","$10.83","$10.83"
"","","7 g","$20.83","$20.83"
"","","14 g","$37.50","$37.50"
"","","28 g","$66.67","$66.67"
"","","56 g","$125.00","$125.00"
"UK Haze LR 1g","Non-Member","1 ","$18.33","$18.33"
"UltraViolence JNT 0.6g","Non-Member","1 ","$2.50","$2.50"
"UltraViolence cart LR 1g","Non-Member","1 ","$33.33","$33.33"
"Vanilla Cream Pie JNT 1g","Non-Member","1 ","$6.67","$6.67"
"Vanilla Cream Pie PP 1g","Non-Member","1 g","$3.33","$3.33"
"","","3.5 g","$10.83","$10.83"
"","","4 g","$10.83","$10.83"
"","","7 g","$20.83","$20.83"
"","","14 g","$37.50","$37.50"
"","","28 g","$66.67","$66.67"
"","","56 g","$125.00","$125.00"
"Vanilla Cream Pie PP 7g","Non-Member","1 g","$3.33","$3.33"
"","","3.5 g","$10.83","$10.83"
"","","4 g","$10.83","$10.83"
"","","7 g","$20.83","$20.83"
"","","14 g","$37.50","$37.50"
"","","28 g","$66.67","$66.67"
"","","56 g","$125.00","$125.00"
"Vanilla OG JNT 1g","Non-Member","1 ","$10.00","$10.00"
"Vanilla OG PP 1g
","Non-Member","1 g","$5.83","$5.83"
"","","3.5 g","$19.17","$19.17"
"","","4 g","$19.17","$19.17"
"","","7 g","$35.00","$35.00"
"","","14 g","$66.67","$66.67"
"","","28 g","$125.00","$125.00"
"","","56 g","$241.67","$241.67"
"Vanilla OG PP 3.5g
","Non-Member","1 g","$5.83","$5.83"
"","","3.5 g","$19.17","$19.17"
"","","4 g","$19.17","$19.17"
"","","7 g","$35.00","$35.00"
"","","14 g","$66.67","$66.67"
"","","28 g","$125.00","$125.00"
"","","56 g","$241.67","$241.67"
"Vanilla OG PP 7g
","Non-Member","1 g","$5.83","$5.83"
"","","3.5 g","$19.17","$19.17"
"","","4 g","$19.17","$19.17"
"","","7 g","$35.00","$35.00"
"","","14 g","$66.67","$66.67"
"","","28 g","$125.00","$125.00"
"","","56 g","$241.67","$241.67"
"Vanilla cream Pie PP 3.5g","Non-Member","1 g","$3.33","$3.33"
"","","3.5 g","$10.83","$10.83"
"","","4 g","$10.83","$10.83"
"","","7 g","$20.83","$20.83"
"","","14 g","$37.50","$37.50"
"","","28 g","$66.67","$66.67"
"","","56 g","$125.00","$125.00"
"Venom OG CRUMBLE 1g","Non-Member","1 ","$16.67","$16.67"
"Wappa cart LR 1g","Non-Member","1 ","$35.00","$35.00"
"Washington Apple INFUSED JNT 0.5g 5pk","Non-Member","1 ","$26.67","$26.67"
"Water Berry THC 50mg","Non-Member","1 ","$10.00","$10.00"
"Water Blood Orange CBD 25mg","Non-Member","1 ","$4.00","$4.00"
"Water Lemon CBD 25mg","Non-Member","1 ","$4.00","$4.00"
"Water Lime THC 25mg","Non-Member","1 ","$5.00","$5.00"
"Water Raspberry CBD 25mg","Non-Member","1 ","$4.00","$4.00"
"Watermelon Zkittles LR","Non-Member","1 ","$18.33","$18.33"
"Wedding Cake BLUNT 2g","Non-Member","1 ","$15.00","$15.00"
"Wedding Cake JNT 1g","Non-Member","1 ","$8.33","$8.33"
"Wedding Cake LR 1g","Non-Member","1 ","$15.00","$15.00"
"Wedding Cake PP 1g","Non-Member","1 g","$5.83","$5.83"
"","","3.5 g","$19.17","$19.17"
"","","4 g","$19.17","$19.17"
"","","7 g","$35.00","$35.00"
"","","14 g","$66.67","$66.67"
"","","28 g","$125.00","$125.00"
"","","56 g","$241.67","$241.67"
"Wedding Cake PP 3.5g","Non-Member","1 g","$5.83","$5.83"
"","","3.5 g","$19.17","$19.17"
"","","4 g","$19.17","$19.17"
"","","7 g","$35.00","$35.00"
"","","14 g","$66.67","$66.67"
"","","28 g","$125.00","$125.00"
"","","56 g","$241.67","$241.67"
"Wedding Cake PP 7g","Non-Member","1 g","$5.83","$5.83"
"","","3.5 g","$19.17","$19.17"
"","","4 g","$19.17","$19.17"
"","","7 g","$35.00","$35.00"
"","","14 g","$66.67","$66.67"
"","","28 g","$125.00","$125.00"
"","","56 g","$241.67","$241.67"
"Wedding Cake TWAX JNT 0.5g","Non-Member","1 ","$10.00","$10.00"
"White Tahoe Cookies Cart Dist 1g","Non-Member","1 ","$18.33","$18.33"
"White Tahoe Cookies JNT 0.6g","Non-Member","1 ","$2.50","$2.50"
"White WIdow Haze JNT 1g","Non-Member","1 ","$8.33","$8.33"
"White Widow Haze PP 1g","Non-Member","1 g","$11.67","$11.67"
"","","3.5 g","$37.50","$37.50"
"","","4 g","$37.50","$37.50"
"","","7 g","$70.83","$70.83"
"","","14 g","$133.33","$133.33"
"","","28 g","$258.33","$258.33"
"","","56 g","$500.00","$500.00"
"White Widow Haze PP 3.5g","Non-Member","1 g","$11.67","$11.67"
"","","3.5 g","$37.50","$37.50"
"","","4 g","$37.50","$37.50"
"","","7 g","$70.83","$70.83"
"","","14 g","$133.33","$133.33"
"","","28 g","$258.33","$258.33"
"","","56 g","$500.00","$500.00"
"White Widow Haze PP 7g","Non-Member","1 g","$11.67","$11.67"
"","","3.5 g","$37.50","$37.50"
"","","4 g","$37.50","$37.50"
"","","7 g","$70.83","$70.83"
"","","14 g","$133.33","$133.33"
"","","28 g","$258.33","$258.33"
"","","56 g","$500.00","$500.00"
"Wild Bourbon CBD LR 1g","Non-Member","1 ","$20.00","$20.00"
"Zkittles Pie Crumble 1g","Non-Member","1 ","$16.67","$16.67"
"Zurple Punch JNT 0.6g 2pk","Non-Member","1 ","$4.17","$4.17"
"Zurple Punch LR 1g","Non-Member","1 ","$30.00","$30.00"
"Zurple Punch PP 1g","Non-Member","1 g","$3.33","$3.33"
"","","3.5 g","$10.83","$10.83"
"","","4 g","$10.83","$10.83"
"","","7 g","$20.83","$20.83"
"","","14 g","$37.50","$37.50"
"","","28 g","$66.67","$66.67"
"","","56 g","$125.00","$125.00"
"Zurple Punch PP 28g","Non-Member","28 ","$16.67","$16.67"
"Zurple Punch PP 3.5g","Non-Member","1 g","$3.33","$3.33"
"","","3.5 g","$10.83","$10.83"
"","","4 g","$10.83","$10.83"
"","","7 g","$20.83","$20.83"
"","","14 g","$37.50","$37.50"
"","","28 g","$66.67","$66.67"
"","","56 g","$125.00","$125.00"
"Zurple Punch PP 7g","Non-Member","1 g","$3.33","$3.33"
"","","3.5 g","$10.83","$10.83"
"","","4 g","$10.83","$10.83"
"","","7 g","$20.83","$20.83"
"","","14 g","$37.50","$37.50"
"","","28 g","$66.67","$66.67"
"","","56 g","$125.00","$125.00"
"Zurple Punch cart LR 1g","Non-Member","1 ","$37.50","$37.50"
